-- phpMyAdmin SQL Dump
-- version 4.0.10.3
-- http://www.phpmyadmin.net
--
-- Client: localhost
-- Généré le: Lun 24 Novembre 2014 à 01:34
-- Version du serveur: 5.1.60
-- Version de PHP: 5.3.8

SET SQL_MODE = "NO_AUTO_VALUE_ON_ZERO";
SET time_zone = "+00:00";


/*!40101 SET @OLD_CHARACTER_SET_CLIENT=@@CHARACTER_SET_CLIENT */;
/*!40101 SET @OLD_CHARACTER_SET_RESULTS=@@CHARACTER_SET_RESULTS */;
/*!40101 SET @OLD_COLLATION_CONNECTION=@@COLLATION_CONNECTION */;
/*!40101 SET NAMES utf8 */;

--
-- Base de données: `tournament`
--

-- --------------------------------------------------------

--
-- Structure de la table `tournament_coach`
--

CREATE TABLE IF NOT EXISTS `tournament_coach` (
  `id` smallint(6) unsigned NOT NULL AUTO_INCREMENT,
  `team_name` varchar(64) COLLATE utf8_unicode_ci NOT NULL DEFAULT '0',
  `name` varchar(64) COLLATE utf8_unicode_ci NOT NULL DEFAULT '0',
  `file` varchar(64) COLLATE utf8_unicode_ci NOT NULL DEFAULT '0',
  `id_race` tinyint(3) unsigned NOT NULL DEFAULT '0',
  `email` varchar(64) COLLATE utf8_unicode_ci DEFAULT NULL,
  `fan_factor` tinyint(3) unsigned DEFAULT '1',
  `reroll` tinyint(3) unsigned DEFAULT '0',
  `apothecary` tinyint(3) DEFAULT '0',
  `assistant_coach` tinyint(3) DEFAULT '0',
  `cheerleader` tinyint(3) DEFAULT '0',
  `wizard` tinyint(3) DEFAULT '0',
  `points` tinyint(3) unsigned DEFAULT '0',
  `opponents_points` tinyint(4) unsigned NOT NULL DEFAULT '0',
  `net_td` tinyint(3) DEFAULT '0',
  `casualties` tinyint(3) DEFAULT '0',
  `edition` tinyint(4) NOT NULL DEFAULT '1',
  `naf_number` smallint(6) NOT NULL DEFAULT '0',
  `id_coach_team` smallint(6) DEFAULT NULL,
  `ready` tinyint(1) NOT NULL DEFAULT '0',
  PRIMARY KEY (`id`)
) ENGINE=MyISAM  DEFAULT CHARSET=utf8 COLLATE=utf8_unicode_ci PACK_KEYS=0 AUTO_INCREMENT=623 ;

--
-- Contenu de la table `tournament_coach`
--

INSERT INTO `tournament_coach` (`id`, `team_name`, `name`, `file`, `id_race`, `email`, `fan_factor`, `reroll`, `apothecary`, `assistant_coach`, `cheerleader`, `wizard`, `points`, `opponents_points`, `net_td`, `casualties`, `edition`, `naf_number`, `id_coach_team`, `ready`) VALUES
(2, 'Trambi''s Tyrants', 'Trambi', '', 3, 'trambi@free.fr', 4, 2, 0, 0, 0, 0, 17, 0, 3, 3, 1, 0, NULL, 1),
(4, 'Les gardiens d''Elawen', 'Neverdodge', '', 9, NULL, 2, 3, 0, 0, 0, 0, 18, 0, 3, 6, 1, 0, NULL, 1),
(5, 'Les Rolling Greens', 'Louis-X', '', 1, NULL, 1, 3, 0, 0, 0, 0, 21, 0, 3, 10, 1, 0, NULL, 1),
(6, 'ERIC''s darkers', 'Itchou', '', 3, NULL, 1, 2, 0, 0, 0, 0, 21, 0, 4, 8, 1, 0, NULL, 1),
(7, 'Orky Ducky', 'Thanan', '', 1, NULL, 2, 3, 0, 0, 0, 0, 18, 0, 2, 9, 1, 0, NULL, 1),
(8, 'Bubble Team', 'Soda', '', 1, NULL, 4, 4, 0, 0, 0, 0, 16, 0, -1, 6, 1, 0, NULL, 1),
(9, 'The Haireaters', 'SirJacks', '', 1, NULL, 3, 3, 0, 0, 0, 0, 13, 0, -1, 9, 1, 0, NULL, 1),
(11, 'Death Squad', 'Arkhandzar', '', 12, NULL, 3, 3, 0, 0, 0, 0, 15, 0, 4, 15, 1, 0, NULL, 1),
(12, 'Khazukan werit', 'Garil', '', 5, 'Garil@wanadoo.fr', 3, 3, 1, 0, 0, 0, 16, 0, 2, 13, 1, 0, NULL, 1),
(13, 'N-Key Nightmares', 'N-Key', '', 3, 'a.bien@wild-computer.de', 2, 3, 0, 0, 0, 0, 5, 0, -7, 5, 1, 0, NULL, 1),
(14, 'The Black Witch Project', 'Famous Rudi', '', 3, 'dolferl@comundo.de', 2, 3, 0, 0, 0, 0, 17, 0, -3, 6, 1, 0, NULL, 1),
(16, 'Doomville Titans', 'Tim Ibe', '', 11, 'tim.ibe@gmx.de', 1, 3, 0, 0, 0, 0, 22, 0, 5, 14, 1, 0, NULL, 1),
(17, 'JACK ASS THE BEST', 'Kaboom', '', 4, 'morgandtorg@yahoo.free.fr', 1, 4, 0, 0, 0, 0, 11, 0, -2, 6, 1, 0, NULL, 1),
(18, 'Tahiti Fighteux', 'kadu-c', '', 4, 'huguetfrancois@yahoo.fr', 4, 3, 0, 0, 0, 0, 11, 0, 0, 6, 1, 0, NULL, 1),
(19, 'Instant Death Dwarfs', 'Johan Figlarz', '', 11, '.', 8, 3, 0, 0, 0, 0, 10, 0, -2, 13, 1, 0, NULL, 1),
(20, 'A Hof Bulls', 'Peter Meijer', '', 11, 'miloquaser@hotmail.com', 9, 3, 0, 0, 0, 0, 19, 0, 5, 15, 1, 0, NULL, 1),
(21, 'Fal Lia', 'Athella', '', 3, 'titelfe@club-internet.fr', 2, 3, 0, 0, 0, 0, 12, 0, -6, 3, 1, 0, NULL, 1),
(22, 'waaagh wild west', 'joker', '', 1, 'frankoi_v@hotmail.com', 1, 3, 0, 0, 0, 0, 25, 0, 5, 8, 1, 0, NULL, 1),
(23, 'Da marshtown Mediks', 'grotemuis', '', 1, 'grotemuis@hotmail.com', 3, 3, 0, 0, 0, 0, 17, 0, -1, 8, 1, 0, NULL, 1),
(24, 'Blighted Bashers', 'BlueDevil', '', 2, 'c.j.t.loermans@student.tue.nl', 3, 3, 1, 0, 0, 0, 8, 0, -4, 5, 1, 0, NULL, 1),
(25, 'Da Waaaaaagh', 'Gobbla Bouffe squig', '', 1, 'claudon.laurent@wanadoo.fr', 5, 3, 0, 0, 0, 0, 12, 0, -2, 15, 1, 0, NULL, 1),
(26, 'Swift Blades', 'Strider', '', 4, 'jpforest@lri.fr', 8, 3, 0, 0, 0, 0, 10, 0, -4, 3, 1, 0, NULL, 1),
(27, 'Heidhusir Sticky Bits', 'Grep-V', '', 11, 'macri@informatik.uni-muenchen.de', 4, 3, 1, 0, 0, 0, 27, 0, 7, 13, 1, 0, NULL, 1),
(28, 'The Purple Sun', 'Key Lebonariun', '', 1, '', 2, 3, 0, 0, 0, 0, 12, 0, -4, 8, 1, 0, NULL, 1),
(29, 'Munich Sun Devils', 'Sputnik', '', 15, 'Torito@gmx.de', 3, 3, 0, 0, 0, 0, 15, 0, -1, 14, 1, 0, NULL, 1),
(30, 'Evil Skrongeurs', 'Sladmortis', '', 2, 'aucun', 6, 3, 0, 0, 0, 0, 22, 0, 7, 9, 1, 0, NULL, 1),
(31, 'Brasseurs de Barak Varr', 'Gallien', '', 5, 'gallien@iris-production.fr', 2, 4, 0, 0, 0, 0, 12, 0, -4, 6, 1, 0, NULL, 1),
(32, 'Bug Valley Greenthumbs', 'Foxen', '', 9, 'foxen@web.de', 5, 1, 0, 0, 0, 0, 8, 0, -6, 2, 1, 0, NULL, 1),
(33, 'The Karak-Grizdal Grizzlies', 'Redfang', '', 5, 'rnrvnnrt@yahoo.com', 4, 4, 1, 0, 0, 0, 26, 0, 5, 11, 1, 0, NULL, 1),
(34, 'Sons of Zodiac', 'Zodiac', '', 8, 'flint_stones@web.de', 7, 5, 1, 3, 3, 0, 1, 0, -16, 5, 1, 0, NULL, 1),
(35, 'Jah Works', 'Groron', '', 9, 'r.picaut@caramail.com', 4, 2, 1, 0, 0, 0, 19, 0, 3, 3, 1, 0, NULL, 1),
(36, 'HO HISSE ENKULé', 'Fondu 77', '', 1, 'lechiendemamie@hotmail.com', 5, 3, 0, 0, 0, 0, 12, 0, -5, 6, 1, 0, NULL, 1),
(37, 'Drunken Kodiaks', 'Venomous Breath', '', 13, 'GOBBLeague@aol.com', 5, 3, 1, 0, 0, 0, 14, 0, 0, 4, 1, 0, NULL, 1),
(38, 'Lustrian Vipers', 'DaFrenchCoach', '', 15, 'GNODIN@aol.com', 1, 3, 0, 0, 0, 0, 11, 0, -2, 4, 1, 0, NULL, 1),
(39, 'PACIFIC', 'Zeboss', '', 9, 'zeboss@francebloodbowl.com', 4, 3, 0, 0, 0, 0, 19, 0, 4, 7, 1, 0, NULL, 1),
(40, 'Beautty Ladies', 'Tarra', '', 9, 'kasendoy@yahoo.es', 2, 2, 1, 0, 0, 0, 22, 0, 6, 9, 1, 0, NULL, 1),
(41, 'Wind Riders', 'Kerrunch', '', 9, 'xaviertomas@terra.es', 1, 1, 0, 0, 0, 0, 14, 0, 0, 13, 1, 0, NULL, 1),
(42, 'Les Esprits Frappeurs', 'Pierrot', '', 2, 'pierrot64@hotmail.com', 2, 3, 0, 0, 0, 0, 22, 0, 4, 16, 1, 0, NULL, 1),
(43, 'The Tribe Of Zy-Nox', 'Zy-Nox', '', 9, 'kangol93@hotmail.com', 2, 3, 0, 0, 0, 0, 20, 0, 4, 7, 1, 0, NULL, 1),
(44, 'Notre Dame de la Source', 'Chaostic Fred', '', 14, 'Fred.Milon@wyse.co.uk', 5, 4, 1, 0, 0, 0, 15, 0, -4, 6, 1, 0, NULL, 1),
(45, 'Longfangs Dambusters', 'Longfang', '', 4, 'wodell.league@ntlworld.com', 1, 4, 1, 0, 0, 0, 20, 0, 2, 4, 1, 0, NULL, 1),
(46, 'Deathwing''s Deluxe', 'Deathwing', '', 6, 'wodell.league@ntlworld.com', 1, 3, 1, 0, 0, 0, 14, 0, -2, 5, 1, 0, NULL, 1),
(47, 'AS St Erengrad', 'Chenri', '', 4, 'claudon.laurent@wanadoo.fr', 5, 3, 0, 0, 0, 0, 10, 0, -6, 9, 1, 0, NULL, 1),
(48, 'Pourvoyeurs de Tombes', 'Undertaker', '', 10, 'nop', 2, 3, 0, 0, 0, 0, 16, 0, 1, 19, 1, 0, NULL, 1),
(49, 'Dream Team', 'Georges Eddie', '', 4, 'martiou2002@caramail.com', 3, 3, 1, 0, 0, 0, 12, 0, 5, 3, 1, 0, NULL, 1),
(50, 'Lightning''s Bugs', 'Longshot', '', 9, 'yohann.miniere@arche.fr', 2, 3, 0, 0, 0, 0, 5, 0, 2, 4, 1, 0, NULL, 1),
(51, 'Les gueules Cassées', 'Potenaze', '', 1, 'potenaze@wanadoo.fr', 5, 3, 0, 0, 0, 0, 15, 0, 1, 13, 1, 0, NULL, 1),
(52, 'Les Rogneurs', 'Dogeater', '', 4, 'dogeater@netcourrier.com', 6, 2, 0, 0, 0, 0, 6, 0, -5, 5, 1, 0, NULL, 1),
(53, 'Nains de p&egrave;res en fils', 'Rhonono', '', 5, '', 3, 3, 1, 0, 0, 0, 21, 0, 1, 13, 1, 0, NULL, 1),
(54, 'Sondersdorf priest', 'Thiophene', '', 6, 'thiophene@free.fr', 2, 3, 0, 0, 0, 0, 17, 112, 0, 3, 2, 0, NULL, 1),
(55, 'RDVBB2 Lucilius', 'Wonder', '', 19, 'st.marechal@wanadoo.fr', 2, 3, 0, 0, 0, 0, 15, 69, -2, 8, 2, 0, NULL, 1),
(56, 'Miragliano Blue stars', 'Little arm', '', 4, '', 6, 3, 0, 0, 0, 0, 10, 89, -6, 9, 2, 0, NULL, 1),
(57, 'Phenix de Caledor', 'Dain', '', 6, 'societe.lipadesk@worldonline.fr', 3, 2, 0, 0, 0, 0, 15, 103, -3, 7, 2, 0, NULL, 1),
(58, 'Buddha crunch', 'Sardokar', '', 1, 'r.service@free.fr', 3, 3, 0, 0, 0, 0, 12, 85, -4, 16, 2, 0, NULL, 1),
(59, 'The Satans', 'lizardcore', '', 2, 'lizardcore@wanadoo.fr', 7, 3, 0, 0, 0, 0, 22, 107, 8, 12, 2, 0, NULL, 1),
(60, 'Razer Back', 'Cerkan', '', 2, 'jeremie.bernard@laposte.net', 2, 3, 0, 0, 0, 0, 24, 97, 6, 8, 2, 0, NULL, 1),
(61, 'DEATH SQUAD', 'Arkhandzar', '', 12, 'harold.edouard@wanadoo.fr', 8, 3, 0, 0, 0, 0, 24, 102, 3, 14, 2, 0, NULL, 1),
(62, 'Khazukhan berserker', 'Garil', '', 5, 'Garil@wanadoo.fr', 2, 4, 0, 0, 0, 0, 24, 118, 4, 12, 2, 0, NULL, 1),
(63, 'Notre Dame des Chasseurs', 'Chaostic Fred', '', 14, 'Fred.Milon@wyse.co.uk', 4, 3, 1, 0, 0, 0, 15, 94, -2, 11, 2, 0, NULL, 1),
(64, 'South Park Cows', 'Battleaxe', '', 11, 'Emmanuel.Dremiere@promod.fr', 3, 4, 0, 0, 0, 0, 20, 132, 1, 7, 2, 0, NULL, 1),
(65, 'Skavenblight 69ers', 'Groron', '', 2, '', 4, 3, 0, 0, 0, 0, 20, 97, 6, 6, 2, 0, NULL, 1),
(66, 'True Sons of Faith', 'Old Man Monkey', '', 11, '', 1, 4, 1, 0, 0, 0, 17, 110, -2, 5, 2, 0, NULL, 1),
(67, 'Draco''s Dragonians', 'Draco', '', 3, '', 1, 2, 0, 0, 0, 0, 13, 104, -2, 14, 2, 0, NULL, 1),
(68, 'Mighty Huskies Compagnie', 'Ariitea', '', 9, '', 2, 2, 1, 0, 0, 0, 14, 99, -1, 5, 2, 0, NULL, 1),
(69, 'Mao Atea', 'Drizzt', '', 12, '', 5, 4, 0, 0, 3, 0, 19, 79, 4, 13, 2, 0, NULL, 1),
(70, 'The Gets of Fenris', 'Anakin', '', 17, '', 7, 4, 0, 0, 0, 0, 11, 87, -6, 13, 2, 0, NULL, 1),
(71, 'Les vermines de la malpierre', 'Duckvador', '', 2, 'Duckvador@bloodbowl-fr.com', 5, 3, 0, 0, 0, 0, 10, 89, -5, 13, 2, 0, NULL, 1),
(72, 'Atout elfe', 'Strider', '', 9, '', 2, 3, 0, 0, 0, 0, 22, 118, 5, 2, 2, 0, NULL, 1),
(73, 'The Grim Weepers', 'Redfang', '', 8, '', 5, 6, 1, 0, 0, 0, 9, 73, -9, 7, 2, 0, NULL, 1),
(74, 'Children of Hashut', 'Grotemuis', '', 11, '', 2, 3, 1, 0, 0, 0, 21, 99, 1, 4, 2, 0, NULL, 1),
(75, 'Chaos Sunrise', 'Don Waldorf', '', 10, '', 4, 2, 1, 0, 0, 0, 12, 83, -3, 8, 2, 0, NULL, 1),
(76, 'Nut''s', 'Kool', '', 3, 'pmKool@free.fr', 5, 2, 0, 0, 0, 0, 18, 106, 0, 7, 2, 0, NULL, 1),
(77, 'Experimentals', 'Talkarde', '', 17, 'fanomad@hotmail.com', 1, 3, 0, 0, 0, 0, 24, 125, 5, 16, 2, 0, NULL, 1),
(78, 'Goblinozorzz', 'Spaki', '', 7, 'spaki@wanadoo.fr', 9, 5, 0, 0, 3, 0, 16, 88, 1, 9, 2, 0, NULL, 1),
(79, '3eme B', 'Fefth', '', 11, 'fefth@wanadoo.fr', 9, 3, 0, 1, 0, 0, 18, 116, 0, 20, 2, 0, NULL, 1),
(80, 'Crookback Cretins', 'Blitzwing', '', 2, 'Blitzwing02@aol.com', 1, 3, 1, 0, 0, 0, 21, 128, 1, 9, 2, 0, NULL, 1),
(81, 'Ghetto Star', 'thedestructor', '', 17, 'mikehouse01@infonie.fr', 1, 3, 0, 0, 0, 0, 16, 65, -6, 10, 2, 0, NULL, 1),
(82, 'Presque Sur de Gagner', 'Gallien', '', 18, 'gallien@iris-production.fr', 3, 3, 0, 0, 0, 0, 12, 79, -3, 7, 2, 0, NULL, 1),
(83, 'Kaodoh Arf', 'Comm', '', 11, 'comm@kurupt.org', 3, 4, 0, 0, 0, 0, 17, 96, 0, 10, 2, 0, NULL, 1),
(84, 'Stade Lorain', 'JC', '', 9, '', 5, 2, 0, 0, 0, 0, 16, 110, 1, 2, 2, 0, NULL, 1),
(85, 'Hamuta Walkyries', 'Kadu-c', '', 14, '', 2, 4, 1, 0, 0, 0, 17, 122, -1, 8, 2, 0, NULL, 1),
(86, 'Necro Spirituals', 'White', '', 17, '', 4, 2, 0, 0, 0, 0, 13, 82, 0, 12, 2, 0, NULL, 1),
(87, 'Pharma Orcs', 'Youl', '', 1, 'ulrich_perron@hotmail.com', 2, 3, 0, 0, 0, 0, 7, 81, -7, 6, 2, 0, NULL, 1),
(88, 'Secondes-Chances', 'Ptit Kiwi', '', 17, '', 1, 3, 0, 0, 0, 0, 12, 91, -5, 8, 2, 0, NULL, 1),
(89, 'Nuit en Enfer', 'Joker', '', 17, '', 4, 3, 0, 0, 0, 0, 20, 121, -4, 10, 2, 0, NULL, 1),
(90, 'Ero de Gork', 'PUNISHER TURRET', '', 1, '', 5, 3, 0, 0, 0, 0, 14, 102, -4, 9, 2, 0, NULL, 1),
(91, 'Rageurs', 'Itchou', '', 4, '', 1, 3, 0, 0, 0, 0, 18, 96, 0, 15, 2, 0, NULL, 1),
(92, 'Randale Ragnarok', 'Tim', '', 13, 'tim.ibe@gmx.de', 2, 3, 1, 0, 0, 0, 21, 105, 13, 17, 2, 0, NULL, 1),
(93, 'Norskkings', 'Punisher Grim', '', 5, '', 2, 4, 0, 0, 0, 0, 16, 79, -2, 13, 2, 0, NULL, 1),
(94, 'GentleRats', 'Pedro', '', 2, '', 3, 3, 1, 0, 0, 0, 26, 108, 9, 10, 2, 0, NULL, 1),
(95, 'Crocs Rouillés', 'Markus', '', 2, '', 3, 3, 0, 0, 0, 0, 15, 106, -2, 4, 2, 0, NULL, 1),
(96, 'Kass os', 'Punisher Ced', '', 1, '', 5, 3, 0, 0, 0, 0, 14, 98, -3, 12, 2, 0, NULL, 1),
(97, 'Dieux du rires', 'Ptitjaune', '', 9, 'damsrv@wanadoo.fr', 2, 3, 0, 0, 0, 0, 18, 106, 0, 4, 2, 0, NULL, 1),
(98, 'Kestatoi', 'Dieu', '', 1, 'g-tb@wanadoo.fr', 2, 3, 0, 0, 0, 0, 22, 109, 3, 7, 2, 0, NULL, 1),
(99, 'Golden Stone Golems', 'Kerrunch', '', 6, 'xaviertomas@terra.es', 7, 2, 0, 0, 0, 0, 18, 108, 3, 14, 2, 0, NULL, 1),
(100, 'Venomous Breath', 'Le vonomous', '', 15, 'simon.merton@ntlworld.com', 3, 3, 0, 0, 0, 0, 17, 104, 1, 8, 2, 0, NULL, 1),
(101, 'LAI DANKC', 'BIG BOSS', '', 1, 'STEFGUILLAUMIN@aol.com', 8, 2, 0, 0, 0, 0, 11, 101, -5, 17, 2, 0, NULL, 1),
(102, 'All stars', 'Kaboom', '', 4, '', 1, 3, 1, 0, 0, 0, 13, 96, -4, 10, 2, 0, NULL, 1),
(103, 'Nimrüzir Dwarfs', 'Aredhel', '', 11, '', 4, 3, 0, 0, 0, 0, 14, 100, -1, 18, 2, 4978, NULL, 1),
(104, 'La Death Gahounaz’ Connection', 'Louis-X', '', 17, '', 4, 2, 0, 0, 0, 0, 26, 105, 5, 13, 2, 0, NULL, 1),
(105, 'Mork Jagger s Rolling Bones', 'Sebco', '', 1, '', 3, 2, 0, 0, 0, 0, 22, 109, 2, 6, 2, 0, NULL, 1),
(106, 'Brides of Nuffle', 'Double Skull', '', 14, '', 9, 4, 1, 0, 0, 0, 25, 105, 9, 12, 2, 0, NULL, 1),
(107, 'Fionavar', 'Davidus', '', 3, '', 2, 3, 0, 0, 0, 0, 17, 105, -1, 4, 2, 0, NULL, 1),
(108, 'Haidhausen Hurricanes', 'Sputnik', '', 2, '', 1, 3, 1, 0, 0, 0, 22, 99, 7, 12, 2, 0, NULL, 1),
(109, 'Les Fanaks', 'Pierre', '', 1, '', 3, 2, 0, 0, 0, 0, 20, 111, 1, 15, 2, 0, NULL, 1),
(110, 'Purple Sward', 'Neverdodge', '', 2, '', 5, 3, 0, 0, 0, 0, 24, 114, 10, 11, 2, 0, NULL, 1),
(111, 'Les Revoilou', 'Pote', '', 17, '', 4, 2, 0, 0, 0, 0, 14, 86, -4, 6, 2, 0, NULL, 1),
(112, 'Skaven Blighters', 'Jake', '', 2, '', 1, 5, 0, 0, 0, 0, 14, 118, -3, 5, 2, 0, NULL, 1),
(113, 'Dragonback Dynamos', 'Kenogui', '', 6, '', 3, 2, 0, 0, 0, 0, 15, 102, -3, 4, 2, 0, NULL, 1),
(114, 'Lords of the Void', 'Tonnanacatl', '', 3, '', 6, 1, 0, 0, 0, 0, 11, 100, -3, 6, 2, 0, NULL, 1),
(116, 'Bulle de Savon', 'Bulgogr', '', 2, '', 4, 3, 0, 0, 0, 0, 19, 104, 4, 12, 2, 0, NULL, 1),
(117, 'Bulles', 'Soda', '', 1, '', 3, 3, 0, 0, 0, 0, 4, 70, -7, 6, 2, 0, NULL, 1),
(118, 'Necro Kitty Scratcher', 'Barbie Slayer', '', 17, '', 4, 2, 0, 0, 0, 0, 7, 84, -9, 6, 2, 0, NULL, 1),
(119, 'Club des Mytho', 'Damocles', '', 9, '', 4, 2, 1, 0, 0, 0, 23, 104, 7, 9, 2, 0, NULL, 1),
(120, 'Zodiac Revivals', 'N-key', '', 8, '', 9, 5, 1, 2, 0, 0, 2, 89, -12, 3, 2, 0, NULL, 1),
(121, 'Ra-Mon y sus amigos', 'Chema', '', 16, '', 2, 3, 0, 0, 0, 0, 15, 104, -1, 14, 2, 0, NULL, 1),
(122, 'Vahala Split', 'Jean Claude Crivello', '', 13, '', 3, 3, 0, 0, 0, 0, 16, 95, -1, 10, 2, 0, NULL, 1),
(123, 'Ice Eagle''s Pride', 'Rudi', '', 13, '', 8, 3, 0, 0, 0, 0, 19, 96, 2, 11, 2, 0, NULL, 1),
(124, 'Evil Skronger', 'Sladmortis', '', 2, '', 3, 3, 1, 0, 0, 0, 30, 116, 15, 10, 2, 0, NULL, 1),
(125, 'Killers Eich Baum', 'Foxen', '', 5, '', 4, 4, 1, 0, 0, 0, 10, 88, -5, 9, 2, 0, NULL, 1),
(126, 'Moule Shit Fantastik', 'Zeeboub', '', 9, '', 2, 3, 0, 0, 0, 0, 16, 129, -5, 4, 2, 0, NULL, 1),
(127, 'les Zabruttos', 'Diogen-Mastakilla', '', 17, '', 7, 2, 0, 0, 0, 0, 24, 131, 4, 12, 2, 0, NULL, 1),
(128, 'Martoni Enculé', 'Fondu', '', 16, '', 5, 2, 0, 0, 0, 0, 14, 86, -2, 19, 2, 0, NULL, 1),
(129, 'Sylvania Sista', 'Ro - Ostman', '', 9, '', 2, 2, 1, 0, 0, 0, 17, 93, 2, 6, 2, 0, NULL, 1),
(131, 'Hellpit Snafflers', 'The Sherif', '', 2, '', 3, 3, 0, 0, 0, 0, 6, 92, -8, 5, 2, 0, NULL, 1),
(132, 'Z power', 'Maroli', '', 15, '', 1, 4, 0, 0, 0, 0, 11, 83, -5, 5, 2, 0, NULL, 1),
(133, 'Les Reanimados de Tarra', 'Tarra', '', 12, '', 8, 3, 0, 0, 0, 0, 17, 104, -2, 8, 2, 0, NULL, 1),
(134, 'Les Mangaras', 'Jolmel', '', 2, '', 6, 2, 1, 0, 0, 0, 20, 108, 7, 15, 2, 0, NULL, 1),
(135, 'Lustrian Avengers', 'Oliver', '', 14, '', 2, 4, 1, 0, 0, 0, 21, 94, 1, 5, 2, 0, NULL, 1),
(136, 'Funny Hats', 'Siscor', '', 11, '', 7, 2, 0, 0, 0, 0, 15, 90, 0, 9, 2, 0, NULL, 1),
(137, 'Ratas Pestosas', 'Lupus', '', 2, '', 3, 2, 1, 0, 0, 0, 17, 99, 1, 8, 2, 0, NULL, 1),
(138, 'Ratmoners', 'Sammy', '', 2, '', 3, 3, 0, 0, 0, 0, 21, 106, 7, 17, 2, 0, NULL, 1),
(139, 'France BloodBowl', 'Zeboss', '', 9, '', 2, 3, 0, 0, 0, 0, 20, 120, 4, 7, 2, 0, NULL, 1),
(140, 'Sauriens and Co 105', 'Arackam', '0', 15, '', 2, 2, 0, 0, 0, 0, 22, 106, 6, 8, 3, 6098, NULL, 1),
(141, 'Harlequins', 'Eddie', '0', 9, '', 2, 1, 1, 0, 0, 0, 13, 98, -2, 4, 3, 7230, NULL, 1),
(142, 'Khazukhan Berserker', 'Garil', '0', 5, '', 3, 3, 1, 0, 0, 0, 26, 126, 6, 12, 3, 2457, NULL, 1),
(143, 'Les Panthères', 'Dolpfin', '0', 14, '', 2, 4, 1, 0, 0, 0, 17, 93, 0, 13, 3, 6165, NULL, 1),
(144, 'Sombres Heros Dechus', 'Nathaniel', '0', 3, '', 2, 2, 0, 0, 0, 0, 22, 113, 5, 13, 3, 6145, NULL, 1),
(145, 'Skavenblight 69ers', 'Groron', '0', 2, '', 4, 3, 0, 0, 0, 0, 20, 116, 6, 13, 3, 2463, NULL, 1),
(147, 'Voleurs de Jambon', 'Zeboulet', '0', 4, '', 1, 3, 0, 0, 0, 0, 24, 107, 5, 11, 3, 6132, NULL, 1),
(148, 'Havena Blockers', 'Hayel', '0', 4, '', 1, 3, 0, 0, 0, 0, 20, 83, 2, 9, 3, 6534, NULL, 1),
(149, 'Marvellous Wizards', 'Spacemanspiff', '0', 2, '', 3, 2, 0, 0, 0, 0, 16, 109, 1, 10, 3, 7015, NULL, 1),
(150, 'Cheesy con carne', '2keus', '0', 2, '', 1, 2, 1, 0, 0, 0, 14, 85, -2, 4, 3, 7044, NULL, 1),
(151, 'Los Do Brajil', 'Bloodyangelwolf', '0', 1, '', 1, 2, 1, 0, 0, 0, 24, 110, 9, 8, 3, 6800, NULL, 1),
(152, 'The Dead Walk', 'Bezu Menez', '0', 12, '', 4, 3, 0, 0, 0, 0, 17, 92, 0, 12, 3, 6988, NULL, 1),
(153, 'Gloria Maleficum', 'Silvaron', '0', 17, '', 1, 3, 0, 0, 0, 0, 23, 118, 3, 8, 3, 6422, NULL, 1),
(154, 'Kool n the flying Carpets', 'Kool', '0', 9, '', 2, 2, 0, 0, 0, 0, 12, 107, 2, 6, 3, 3409, NULL, 1),
(155, 'Nasgard Dolphins', 'Aredhel', '0', 18, '', 1, 2, 1, 0, 0, 0, 22, 113, 6, 6, 3, 4978, NULL, 1),
(156, 'Sombres loup des Carpates', 'Marc', '0', 21, '', 1, 2, 0, 0, 0, 0, 12, 92, -3, 8, 3, 6326, NULL, 1),
(159, 'Vengeurs de Thule', 'Gorgbor', '0', 13, '', 7, 1, 1, 0, 0, 0, 15, 76, -2, 9, 3, 3782, NULL, 1),
(161, 'Hamuta Walkyries', 'Kadu-c', '0', 14, '', 2, 4, 0, 0, 0, 0, 22, 112, 2, 10, 3, 2460, NULL, 1),
(162, 'Southern Seas Pirates', 'Mat43', '0', 4, '', 1, 3, 0, 0, 0, 0, 9, 108, -7, 5, 3, 6906, NULL, 1),
(164, 'Sisters of N-Key', 'N Key', '0', 14, '', 1, 3, 1, 0, 0, 0, 8, 86, -7, 5, 3, 1117, NULL, 1),
(165, 'Green and Messy', 'Musta Surma', '0', 1, '', 3, 2, 0, 0, 0, 0, 18, 101, 1, 8, 3, 5681, NULL, 1),
(166, 'Evil Skrongeurs', 'Sladmortis', '0', 2, '', 2, 2, 1, 0, 0, 0, 20, 106, 0, 8, 3, 2464, NULL, 1),
(167, 'Scare dem crew', 'Diogen', '0', 17, '', 2, 2, 0, 0, 0, 0, 21, 111, 6, 18, 3, 3531, NULL, 1),
(168, 'The BJB''ers', 'Lucifer', '0', 14, '', 1, 4, 1, 0, 0, 0, 28, 118, 5, 13, 3, 149, NULL, 1),
(169, 'Ras Tafari', 'General Izo', '0', 2, '', 1, 2, 1, 0, 0, 0, 13, 92, -4, 8, 3, 4018, NULL, 1),
(170, 'Paris Stade Garni', 'Gallien', '0', 18, '', 1, 3, 0, 0, 0, 0, 20, 105, 3, 3, 3, 4438, NULL, 1),
(171, 'Cortex Team', 'Jolmel', '0', 2, '', 7, 1, 1, 0, 0, 0, 22, 111, 2, 6, 3, 6327, NULL, 1),
(172, 'Preux chevaliers', 'bigboss', '0', 3, '', 7, 1, 0, 0, 0, 0, 18, 97, 1, 4, 3, 6302, NULL, 1),
(173, 'Olympique de Middenheim', 'Battleaxe', '0', 4, '', 1, 3, 0, 0, 0, 0, 16, 98, 1, 11, 3, 4933, NULL, 1),
(174, 'Nuit en enfer', 'Joker', '0', 17, '', 3, 2, 0, 0, 0, 0, 15, 98, 0, 15, 3, 472, NULL, 1),
(175, 'Vie des rats', 'Buldogr', '0', 2, '', 3, 2, 0, 0, 0, 0, 15, 101, -1, 7, 3, 0, NULL, 1),
(176, 'Fous de Lutece', 'Drako', '0', 2, '', 4, 3, 0, 1, 0, 0, 15, 117, -1, 7, 3, 4387, NULL, 1),
(177, 'Sons of Kaboom', 'Kaboom', '0', 4, '', 4, 3, 0, 1, 1, 0, 19, 103, -1, 5, 3, 2925, NULL, 1),
(178, 'Vermines de la Malpierre', 'Duckvador', '0', 2, '', 5, 3, 0, 0, 0, 0, 15, 86, -1, 6, 3, 4362, NULL, 1),
(179, 'Amazones????', 'DrDave', '0', 13, '', 2, 2, 1, 0, 0, 0, 12, 87, -4, 21, 3, 6154, NULL, 1),
(180, 'Moribonds', 'Aranwe', '0', 12, '', 1, 4, 0, 0, 0, 0, 23, 104, 2, 15, 3, 0, NULL, 1),
(181, 'Crépi Normand', 'Sammy', '0', 1, '', 1, 3, 1, 0, 0, 0, 18, 130, 3, 14, 3, 0, NULL, 1),
(182, 'Portly Miners', 'Lowsman', '0', 5, '', 1, 2, 1, 0, 0, 0, 20, 102, -2, 8, 3, 1149, NULL, 1),
(183, 'Troubadours', 'Chris le Clubber', '0', 18, '', 1, 2, 1, 0, 0, 0, 11, 88, -5, 0, 3, 0, NULL, 1),
(184, 'The Mongol Horde', 'Djengis Khan', '0', 7, '', 5, 4, 0, 0, 0, 0, 4, 82, -17, 5, 3, 0, NULL, 1),
(185, 'Imhotep-tep', 'Akuma', '0', 16, '', 3, 3, 0, 0, 0, 0, 13, 116, -3, 12, 3, 0, NULL, 1),
(186, 'Thundercats', 'Xody', '0', 14, '', 4, 3, 0, 0, 2, 0, 14, 72, -1, 8, 3, 0, NULL, 1),
(187, 'Mighty Crown', 'Fondu', '0', 5, '', 1, 3, 0, 0, 0, 0, 18, 103, 0, 15, 3, 0, NULL, 1),
(188, 'Pirates d''Izzangar', 'Kossmo4', '0', 4, '', 1, 2, 1, 0, 0, 0, 11, 63, -1, 9, 3, 0, NULL, 1),
(189, 'Deportivo77', 'Bowl Hunter', '0', 9, '', 4, 2, 0, 0, 0, 0, 15, 125, -2, 4, 3, 0, NULL, 1),
(190, 'Irish Rovers', 'Pierre', '0', 13, '', 2, 2, 0, 0, 0, 0, 13, 97, -2, 11, 3, 0, NULL, 1),
(191, 'Norsque', 'Siegfried le nurse', '0', 13, '', 2, 3, 1, 0, 0, 0, 10, 82, -4, 8, 3, 0, NULL, 1),
(192, 'Klat Kran', 'Malmond', '0', 1, '', 4, 3, 0, 0, 0, 0, 17, 98, 1, 8, 3, 7201, NULL, 1),
(193, 'Fientes Alliance', 'Satanas', '0', 9, '', 2, 2, 0, 0, 0, 0, 16, 119, -3, 8, 3, 0, NULL, 1),
(194, 'Les Dieux du Rire', 'Ptit Jaune', '0', 9, '', 2, 2, 0, 0, 0, 0, 17, 98, 4, 2, 3, 0, NULL, 1),
(195, 'Eichbaum Teutons', 'Zodiac', '0', 5, '', 3, 3, 1, 0, 0, 0, 18, 111, -1, 12, 3, 0, NULL, 1),
(196, 'Sicilian Generation', 'Maitre-Tactac', '0', 1, '', 1, 2, 0, 0, 0, 0, 20, 110, 4, 7, 3, 372, NULL, 1),
(197, 'IOLSLFELF', 'Lizardcore', '0', 2, '', 3, 3, 1, 0, 0, 0, 22, 109, 2, 8, 3, 0, NULL, 1),
(198, 'Necrazy', 'Nico des Az', '0', 17, '', 2, 2, 0, 0, 0, 0, 26, 126, 5, 11, 3, 0, NULL, 1),
(199, 'Zarr Naggrund Ranges', 'Valen', '0', 11, '', 7, 3, 0, 0, 0, 0, 16, 121, -2, 11, 3, 0, NULL, 1),
(200, 'Sylvan Bomb Squad', 'Neverdodge', '0', 9, '', 2, 2, 0, 0, 0, 0, 26, 121, 13, 3, 3, 0, NULL, 1),
(201, 'Rode pppekkes die nix kunhe', 'Benji', '0', 11, '', 6, 3, 1, 0, 0, 0, 10, 108, -4, 17, 3, 0, NULL, 1),
(202, 'Beavers of Zeeboub', 'Zeeboub', '0', 5, '', 1, 3, 0, 0, 0, 0, 23, 104, 5, 11, 3, 0, NULL, 1),
(203, 'The Grim Weepers', 'Redfang', '0', 8, '', 6, 5, 1, 0, 0, 0, 9, 83, -6, 11, 3, 0, NULL, 1),
(204, 'Cat''s Ass Cat Scan', 'Jam', '0', 2, '', 5, 3, 0, 0, 0, 0, 17, 86, 0, 7, 3, 6121, NULL, 1),
(205, 'Longdale''s Gabber Gobbo''s', 'Captain Chaos', '0', 7, '', 4, 4, 1, 0, 0, 0, 9, 86, -12, 8, 3, 0, NULL, 1),
(206, 'Ritter Mord', 'Tojurub', '0', 8, '', 9, 4, 1, 1, 2, 0, 9, 71, -7, 4, 3, 0, NULL, 1),
(207, 'Spasfon''s', 'Ulrich', '0', 1, '', 2, 3, 0, 0, 0, 0, 15, 92, -2, 11, 3, 0, NULL, 1),
(208, 'Dierenpark amersfoort', 'Thomo', '0', 17, '', 2, 2, 0, 0, 0, 0, 15, 106, -1, 6, 3, 0, NULL, 1),
(209, 'Green Arrowzin your ass', 'Louis X', '0', 7, '', 4, 4, 1, 0, 0, 0, 8, 74, -6, 9, 3, 0, NULL, 1),
(210, 'Raide Stars', 'Le Prez', '0', 12, '', 1, 3, 0, 0, 0, 0, 21, 86, 5, 26, 3, 0, NULL, 1),
(211, 'Moribonds', 'Aranwe', '0', 12, '', 0, 0, 0, 0, 0, 0, 16, 108, 0, 10, 4, 7054, NULL, 1),
(212, 'Khemri Survival', 'Don Waldorf', '0', 16, '', 0, 0, 0, 0, 0, 0, 16, 109, -1, 14, 4, 3892, 6, 1),
(213, 'Ratatouille', 'Bloodangelwolf', '0', 2, '', 0, 0, 0, 0, 0, 0, 20, 128, 4, 10, 4, 6800, NULL, 1),
(214, 'Green Superstars', 'Tinky', '0', 1, '', 0, 0, 0, 0, 0, 0, 22, 126, 4, 5, 4, 4943, 10, 1),
(215, 'Green Powa', 'Dipsy', '0', 3, '', 0, 0, 0, 0, 0, 0, 16, 94, -2, 6, 4, 8740, 10, 1),
(216, 'Atout elfe', 'Strider', '0', 9, '', 0, 0, 0, 0, 0, 0, 22, 94, 7, 2, 4, 4944, 19, 1),
(217, 'Beavers of Zeeboub', 'Zeeboub', '0', 5, '', 0, 0, 0, 0, 0, 0, 22, 114, 3, 15, 4, 3408, 7, 1),
(218, 'Pastis Stadium Surviveuses', 'Titouch', '0', 14, NULL, 1, 0, 0, 0, 0, 0, 18, 90, 1, 9, 4, 8738, 2, 1),
(219, 'Nasgard Dolphins', 'Aredhel', '0', 18, '', 0, 0, 0, 0, 0, 0, 14, 93, -1, 8, 4, 4978, 1, 1),
(220, 'South Park Cows', 'Battleaxe', '0', 11, '', 0, 0, 0, 0, 0, 0, 26, 121, 6, 13, 4, 4933, 13, 1),
(221, 'Les Charlots', 'Laraigne', '0', 18, '', 0, 0, 0, 0, 0, 0, 9, 86, -3, 7, 4, 3225, 11, 1),
(222, 'Troubadours', 'TheKlub', '0', 9, '', 0, 0, 0, 0, 0, 0, 19, 88, -1, 6, 4, 6997, 18, 1),
(223, 'Bio-Hazards', 'Kadu-c', '0', 17, '', 0, 0, 0, 0, 0, 0, 15, 110, -1, 15, 4, 2460, 2, 1),
(224, 'Death Squad', 'Arkhandzar', '0', 12, '', 0, 0, 0, 0, 0, 0, 26, 128, 7, 18, 4, 419, 4, 1),
(225, 'Kestatoi', 'Dieu', '0', 1, '', 0, 0, 0, 0, 0, 0, 19, 109, 1, 8, 4, 5709, 17, 1),
(226, 'Evil Skrongeurs', 'Sladmortis', '0', 2, '', 0, 0, 0, 0, 0, 0, 22, 101, 8, 10, 4, 2464, 4, 1),
(227, 'Phallus Cowboys', 'Norse', '0', 11, '', 0, 0, 0, 0, 0, 0, 30, 104, 6, 8, 4, 144, 12, 1),
(228, 'NaNow', 'Martoni', '0', 5, '', 0, 0, 0, 0, 0, 0, 22, 118, 3, 13, 4, 6999, 8, 1),
(229, 'Massacre united', 'Draco', '0', 20, '', 0, 0, 0, 0, 0, 0, 12, 80, -10, 25, 4, 4387, 12, 1),
(230, '', 'Youl', '0', 1, '', 0, 0, 0, 0, 0, 0, 11, 82, -6, 13, 4, 6321, NULL, 1),
(231, 'Golding green', 'Oleg', '0', 1, '', 0, 0, 0, 0, 0, 0, 26, 114, 9, 17, 4, 0, 9, 1),
(232, 'Gorbadz Panzers', 'Gorbad', '0', 9, '', 0, 0, 0, 0, 0, 0, 14, 60, 1, 7, 4, 152, 12, 1),
(233, 'The Odd Team', 'Dwarfcoach', '0', 17, '', 0, 0, 0, 0, 0, 0, 17, 98, -1, 15, 4, 1761, 16, 1),
(234, 'Shadowland Nightmares', 'Temujin71', '0', 3, '', 0, 0, 0, 0, 0, 0, 11, 82, -3, 8, 4, 6027, NULL, 1),
(235, 'No Regrets', 'Kool', '0', 4, '', 0, 0, 0, 0, 0, 0, 15, 97, -1, 7, 4, 3409, 8, 1),
(236, 'Les Luteces Barbarians', 'JC', '0', 1, '', 0, 0, 0, 0, 0, 0, 21, 126, 1, 9, 4, 4019, NULL, 1),
(237, 'Couvent', 'Maitre Tac-tac', '0', 14, '', 0, 0, 0, 0, 0, 0, 21, 95, 3, 7, 4, 372, 18, 1),
(238, 'Harlequeens', 'Eddie', '0', 9, '', 0, 0, 0, 0, 0, 0, 12, 84, -2, 4, 4, 7230, 8, 1),
(239, '', 'Tyrion', '0', 1, '', 0, 0, 0, 0, 0, 0, 24, 123, 3, 4, 4, 8179, 17, 1),
(240, 'Skaroth Players', 'Willem', '0', 2, '', 0, 0, 0, 0, 0, 0, 18, 97, -1, 12, 4, 8174, 17, 1),
(241, 'Rastafar-I BBC', 'Bowlhunter', '0', 2, '', 0, 0, 0, 0, 0, 0, 10, 82, -7, 9, 4, 8463, 7, 1),
(242, 'Green Ripers', 'Mat43', '0', 1, '', 0, 0, 0, 0, 0, 0, 11, 96, -7, 10, 4, 6906, NULL, 1),
(243, '', 'Macho Man', '0', 2, '', 0, 0, 0, 0, 0, 0, 18, 125, 4, 15, 4, 8183, 15, 1),
(244, 'Lustria Lightning', 'Toolate4lenny', '0', 15, '', 0, 0, 0, 0, 0, 0, 8, 78, -5, 4, 4, 8546, NULL, 1),
(245, 'Dragon Ball Team', 'Yobenny', '0', 8, '', 0, 0, 0, 0, 0, 0, 3, 83, -13, 3, 4, 6773, 6, 1),
(246, 'Crépi Normand', 'Sammy', '0', 1, '', 0, 0, 0, 0, 0, 0, 20, 106, 1, 12, 4, 6324, 19, 1),
(247, 'Les shty', 'OON', '0', 13, '', 0, 0, 0, 0, 0, 0, 11, 68, -5, 5, 4, 8861, NULL, 1),
(248, 'Nains de p&egrave;res en fils', 'Rhonono', '0', 5, '', 0, 0, 0, 0, 0, 0, 18, 101, 1, 13, 4, 4926, 5, 1),
(249, 'Torcrag Ballista', 'Venomous Breath', '0', 5, '', 0, 0, 0, 0, 0, 0, 14, 99, -3, 7, 4, 69, 14, 1),
(250, 'Bearded Stampede', 'Excitable Rob', '0', 11, '', 0, 0, 0, 0, 0, 0, 15, 90, -2, 5, 4, 5683, 14, 1),
(251, 'Vengeurs de Thulé', 'Gorghor', '0', 13, '', 0, 0, 0, 0, 0, 0, 14, 70, -3, 15, 4, 3782, NULL, 1),
(252, 'Noktural Mortum', 'Jarjarus', '0', 12, '', 0, 0, 0, 0, 0, 0, 22, 102, 6, 15, 4, 5701, 3, 1),
(253, 'The Piratz', 'White', '0', 2, '', 0, 0, 0, 0, 0, 0, 15, 104, 2, 6, 4, 4034, 3, 1),
(254, 'It''s a Fat - Waaaaaargh', 'Lucifer', '0', 1, '', 0, 0, 0, 0, 0, 0, 19, 70, -1, 12, 4, 149, 16, 1),
(255, '', 'Knox', '0', 1, '', 0, 0, 0, 0, 0, 0, 13, 92, -2, 15, 4, 8557, 6, 1),
(256, 'Houston Ronnettes', 'Groron', '0', 14, '', 0, 0, 0, 0, 0, 0, 19, 88, 0, 2, 4, 2463, 13, 1),
(257, 'Mortal Kombat', 'Buldogr', '0', 12, '', 0, 0, 0, 0, 0, 0, 17, 77, -2, 7, 4, 6044, 1, 1),
(258, 'Stade Annie Cordi', 'Mangouste', '0', 12, '', 0, 0, 0, 0, 0, 0, 25, 110, 4, 16, 4, 8933, 15, 1),
(259, 'Les sombres héros déchus', 'Nathaniel', '0', 3, '', 0, 0, 0, 0, 0, 0, 22, 128, 3, 6, 4, 6145, 3, 1),
(260, 'Liz Hard scoreurs', 'Lizardcore', '0', 2, '', 0, 0, 0, 0, 0, 0, 19, 114, -1, 7, 4, 4824, 13, 1),
(261, 'Snorska', 'Davidus', '0', 13, '', 0, 0, 0, 0, 0, 0, 9, 61, -4, 9, 4, 5706, NULL, 1),
(262, 'Griffe Ecarlate', 'Claudius', '0', 15, '', 0, 0, 0, 0, 0, 0, 10, 85, -3, 7, 4, 9077, NULL, 1),
(263, 'Carbonara', 'Headhunter(Pwet)', '0', 2, '', 0, 0, 0, 0, 0, 0, 18, 116, 2, 3, 4, 8946, 1, 1),
(264, 'Minie Team', 'Lord M/Drix', '0', 2, '', 0, 0, 0, 0, 0, 0, 14, 83, -1, 17, 4, 8994, 9, 1),
(265, 'Mr Propre', 'Vicktor', '0', 6, '', 0, 0, 0, 0, 0, 0, 16, 113, 0, 5, 4, 8745, 19, 1),
(266, 'Les nécros ont les crocs', 'Pote', '0', 17, '', 0, 0, 0, 0, 0, 0, 23, 97, 4, 13, 4, 9131, 5, 1),
(267, 'Necrofil', 'Akuma', '0', 17, '', 0, 0, 0, 0, 0, 0, 16, 63, 2, 10, 4, 7124, 10, 1),
(268, 'Chocolate Charmers', 'Bunnygirl', '0', 14, '', 0, 0, 0, 0, 0, 0, 16, 83, 0, 6, 4, 7356, 16, 1),
(269, '', 'Khelby', '0', 12, '', 0, 0, 0, 0, 0, 0, 21, 109, 1, 8, 4, 8072, 9, 1),
(270, 'Tueuses du Bolchoi', 'Mystic lolo', '0', 14, '', 0, 0, 0, 0, 0, 0, 5, 107, -9, 8, 4, 8125, 11, 1),
(271, 'Paroux St Germain', 'Général Izo', '0', 11, '', 0, 0, 0, 0, 0, 0, 17, 83, 0, 13, 4, 4018, 7, 1),
(272, 'Code 187', 'Louis-X', '0', 5, '', 0, 0, 0, 0, 0, 0, 19, 117, 3, 18, 4, 264, 4, 1),
(273, 'Florida Flat rats', 'Old Man Monkey', '0', 2, '', 0, 0, 0, 0, 0, 0, 10, 88, -2, 2, 4, 1814, 14, 1),
(274, 'Les champions de Gork', 'Kinoko', '0', 1, '', 0, 0, 0, 0, 0, 0, 19, 117, 1, 8, 4, 0, 5, 1),
(275, 'Cementry Out Rage', 'Tojurub', '0', 17, '', 0, 0, 0, 0, 0, 0, 9, 70, -6, 7, 4, 2591, 11, 1),
(276, 'Pastis Forever', 'Petitjaune', '0', 1, '', 0, 0, 0, 0, 0, 0, 15, 93, -1, 4, 4, 5007, 2, 1),
(277, 'Scare dem crew', 'Diogen', '0', 17, '', 0, 0, 0, 0, 0, 0, 15, 99, 0, 8, 4, 3521, 18, 1),
(278, 'Beardy Wierdies', 'stick_with_poo_on_the_end', '0', 13, '', 0, 0, 0, 0, 0, 0, 20, 97, 4, 27, 4, 7553, NULL, 1),
(279, 'Nicolas'' Gardeners Prophetes', 'Darktroll', '0', 9, '', 0, 0, 0, 0, 0, 0, 11, 92, -2, 4, 4, 8071, 15, 1),
(280, 'Lightings Bugs', 'Longshot', '0', 9, '', 0, 0, 0, 0, 0, 0, 20, 51, 7, 8, 4, 101, NULL, 1),
(281, 'M.Lapine', 'Bozo', '0', 14, '', 0, 0, 0, 0, 0, 0, 14, 90, -1, 7, 5, 6986, NULL, 1),
(282, 'Les géants verts de la haine', 'Scampi', '0', 5, '', 1, 0, 0, 0, 0, 0, 17, 78, 1, 6, 5, 0, NULL, 1),
(283, 'Forest Gob', 'Lord Bojo', '0', 7, '', 0, 4, 0, 0, 0, 0, 3, 51, -8, 9, 5, 7539, NULL, 1),
(284, 'Green Baffes Packers', 'Sladmortis', '0', 1, '', 1, 0, 0, 0, 0, 0, 21, 76, 5, 6, 5, 2464, NULL, 1),
(285, 'Lutece Barbarians', 'JC', '0', 1, '', 1, 0, 0, 0, 0, 0, 5, 53, -9, 13, 5, 4019, NULL, 1),
(286, 'Mahina Sharks', 'Kadu-c', '0', 13, '', 1, 0, 0, 0, 0, 0, 14, 81, -2, 9, 5, 2460, NULL, 1),
(287, 'Deathdkull Underland', 'Interceptor', '0', 12, '', 1, 0, 0, 0, 0, 0, 25, 84, 7, 13, 5, 9828, NULL, 1),
(288, 'Unhappily dead', 'Kewan', '0', 12, '', 1, 0, 0, 0, 0, 0, 17, 74, 1, 14, 5, 7710, NULL, 1),
(289, 'Tutus roses', 'Sammy', '0', 18, '', 1, 0, 0, 0, 0, 0, 15, 63, 0, 6, 5, 6324, NULL, 1),
(290, 'Les rigolos', 'Laraigne', '0', 1, '', 1, 0, 0, 0, 0, 0, 11, 53, -2, 6, 5, 3225, NULL, 1),
(291, 'Civis Pacem', 'Aranwe', '0', 11, '', 1, 0, 0, 0, 0, 0, 9, 72, -3, 12, 5, 7054, NULL, 1),
(292, 'Prater Fight Club', 'Dark_Duke', '0', 13, '', 1, 0, 0, 0, 0, 0, 15, 60, 3, 9, 5, 6015, NULL, 1),
(293, 'Kazachakers', 'Maitre_tactac', '0', 5, '', 1, 0, 0, 0, 0, 0, 15, 71, 0, 10, 5, 372, NULL, 1),
(294, 'Natsuko Brothers', 'Mystic Lolo', '0', 16, '', 1, 0, 0, 0, 0, 0, 7, 72, -4, 15, 5, 8125, NULL, 1),
(295, '66th Sister', 'Elyoukey', '0', 14, '', 1, 0, 0, 0, 0, 0, 20, 67, 4, 5, 5, 0, NULL, 1),
(296, 'Sambapoeira Fighting Spirit', 'Amaranth', '0', 9, '', 1, 0, 0, 0, 0, 0, 10, 51, -5, 8, 5, 0, NULL, 1),
(297, 'Joyeux Slanniversaire', 'Tristelune / Lord M', '0', 15, '', 1, 0, 0, 0, 0, 0, 13, 65, -1, 11, 5, 0, NULL, 1),
(298, 'Atout Elfe', 'Strider', '0', 9, '', 1, 0, 0, 0, 0, 0, 11, 59, 1, 2, 5, 4944, NULL, 1),
(299, 'Kasseurs'' d'' Brick', 'Itchou', '0', 1, '', 1, 0, 0, 0, 0, 0, 15, 80, 1, 17, 5, 0, NULL, 1),
(300, 'Raide Star', 'Arkhandzar', '0', 12, '', 1, 0, 0, 0, 0, 0, 17, 76, 2, 11, 5, 419, NULL, 1),
(301, 'Karadrin Redbulls', 'JarJarus', '0', 11, '', 1, 0, 0, 0, 0, 0, 15, 77, 0, 8, 5, 5701, NULL, 1),
(302, 'DJ Fuk Face', 'Louis-X', '0', 11, '', 1, 0, 0, 0, 0, 0, 19, 68, 4, 11, 5, 264, NULL, 1),
(303, 'OGM', 'Oon', '0', 3, '', 1, 0, 0, 0, 0, 0, 11, 69, -2, 6, 5, 8861, NULL, 1),
(304, 'Lighting Bugs', 'Longshot', '0', 9, '', 1, 0, 0, 0, 0, 0, 21, 83, 11, 7, 5, 101, NULL, 1),
(305, 'Les Apotres de la mort', 'One Again', '0', 12, '', 1, 0, 0, 0, 0, 0, 10, 65, -3, 10, 5, 0, NULL, 1),
(306, 'The Piratz', 'White', '0', 2, '', 1, 0, 0, 0, 0, 0, 15, 69, 3, 4, 5, 4034, NULL, 1),
(307, 'La mort qui tue', 'Vincekiller', '0', 3, '', 1, 0, 0, 0, 0, 0, 14, 93, -3, 7, 5, 0, NULL, 1),
(308, 'Dirty Rotten Scoundrels', 'Double Skulls', '0', 7, '', 1, 0, 0, 0, 0, 0, 16, 74, 0, 10, 5, 0, NULL, 1),
(309, 'Kruecek Sorority', 'Panico', '0', 14, '', 1, 0, 0, 0, 0, 0, 17, 65, 1, 9, 5, 5795, NULL, 1),
(310, 'Pastis Forever', 'P''tit Jaune', '0', 1, '', 1, 0, 0, 0, 0, 0, 20, 77, 6, 10, 5, 5007, NULL, 1),
(311, 'Bonl in Wood', 'Corann', '0', 3, '', 1, 0, 0, 0, 0, 0, 12, 66, -2, 0, 5, 0, NULL, 1),
(312, 'Sons of Hella', 'Trambi', '0', 12, '', 1, 0, 0, 0, 0, 0, 14, 79, -2, 14, 5, 99, NULL, 1),
(313, 'L''académie du Football argentin', 'Kimarhi', '0', 17, '', 1, 0, 0, 0, 0, 0, 11, 76, -2, 16, 5, 0, NULL, 1),
(314, 'Skare Runners', 'Dipsy', '0', 2, '', 1, 0, 0, 0, 0, 0, 16, 71, 1, 9, 5, 8740, NULL, 1),
(315, 'Nannou', 'Martoni', '0', 5, '', 1, 3, 0, 0, 0, 0, 18, 85, 1, 12, 5, 6999, NULL, 1),
(316, 'Les Rasta Orques', 'Oleg', '0', 1, '', 1, 0, 0, 0, 0, 0, 10, 72, -3, 7, 5, 0, NULL, 1),
(319, 'Raide Star', 'Arkhandzar', '0', 12, '', 1, 0, 0, 0, 0, 0, 21, 75, 3, 12, 6, 419, 25, 1),
(320, 'La bande à Eric', 'Scampi', '0', 13, '', 1, 0, 0, 0, 0, 0, 25, 89, 8, 19, 6, 10636, 32, 1),
(321, '93''s bats', 'Sgt Taliesin', '0', 21, '', 1, 0, 0, 0, 0, 0, 6, 31, -6, 5, 6, 4934, 33, 1),
(322, 'Crypt Creepers', 'Sladmortis', '0', 12, '', 1, 0, 0, 0, 0, 0, 14, 48, -2, 15, 6, 2464, 25, 1),
(323, 'Great Patria o Muerte', 'Zeeboub', '0', 5, 'sylvain.desroziers@gmail.com', 1, 0, 0, 0, 0, 0, 9, 36, -4, 6, 6, 3408, 24, 1),
(324, 'Mahina Sharks', 'Kadu-C', '0', 13, 'huguetfrancois@yahoo.fr', 1, 0, 0, 0, 0, 0, 13, 65, 1, 11, 6, 2460, 30, 1),
(325, 'Nanou', 'Martoni', '0', 5, '', 1, 3, 0, 0, 0, 0, 13, 61, -1, 8, 6, 6999, 24, 1),
(326, 'CH''TIS', 'OON', '0', 13, '', 1, 0, 0, 0, 0, 0, 11, 45, -6, 13, 6, 8861, 27, 1),
(327, 'L''olympique Déchets', 'Royal_castor', '0', 2, '', 1, 0, 0, 0, 0, 0, 16, 61, -2, 7, 6, 8731, 21, 1),
(328, 'Stade Lorain', 'JC', '0', 9, '', 1, 0, 0, 0, 0, 0, 17, 59, 2, 7, 6, 4019, 20, 1),
(329, 'Olympus', 'Red Dawn', '0', 4, 'fredericlegoff@neuf.fr', 3, 3, 0, 0, 0, 0, 13, 51, -2, 11, 6, 12496, 30, 1),
(330, 'Alaska Aces', 'Tristelune', '0', 13, '', 1, 0, 0, 0, 0, 0, 17, 73, 6, 8, 6, 9830, 23, 1),
(331, 'Menzoberranzan b.club', 'Justicium', '0', 3, 'narcoboy@hotmail.fr', 2, 2, 0, 0, 0, 0, 14, 57, -1, 13, 6, 12319, 29, 1),
(332, 'GentleRats', 'Maitre_tactac', '0', 2, 'pcapeau@hotmail.com', 1, 0, 0, 0, 0, 0, 16, 63, 6, 11, 6, 372, 20, 1),
(334, 'Mad Slanns Team', 'Lord M', '0', 15, 'l.marie@numericable.com', 1, 0, 0, 0, 0, 0, 16, 67, 3, 8, 6, 8994, 23, 1),
(335, 'Les Tutus roses', 'Sammy', '0', 18, '', 1, 0, 0, 0, 0, 0, 19, 84, 3, 11, 6, 6324, 28, 1),
(336, 'Kool & Fliyng Chickens', 'Kool', '0', 9, 'kool@lutececup.org', 1, 0, 0, 0, 0, 0, 21, 72, 6, 6, 6, 3409, 25, 1),
(337, 'Asskickers', 'AGF', '0', 2, 'arnaudgf@yahoo.com', 1, 0, 0, 0, 0, 0, 10, 43, -4, 7, 6, 3122, 20, 1),
(338, 'Slurp & co', 'Osskpo', '0', 21, 'dar-devil@caramail.com', 1, 0, 0, 0, 0, 0, 13, 55, -4, 15, 6, 10350, 31, 1),
(339, 'Answer of The Hell', 'Bull''', '0', 10, 'es2006@laposte.net', 2, 2, 0, 0, 0, 0, 11, 50, -3, 13, 6, 12306, 29, 1),
(340, 'Pastis Stadium Revival', 'Titouch', '0', 9, 'titus.maximus@laposte.net', 1, 0, 0, 0, 0, 0, 18, 63, 2, 9, 6, 8738, 22, 1),
(341, 'Les Naggaroth Scorpions.', 'Wismerhill', '0', 3, 'f_jallot@hotmail.com', 1, 0, 0, 0, 0, 0, 13, 50, -1, 2, 6, 12089, 30, 1),
(342, 'Sylvester Stallions', 'Lord Bojo', '0', 9, 'frederic.berger@laposte.net', 0, 2, 0, 0, 0, 0, 11, 49, -4, 4, 6, 7539, 28, 1),
(343, 'Crashmen', 'Haktar', '0', 1, 'gbatista@free.fr', 1, 0, 0, 0, 0, 0, 13, 59, -1, 9, 6, 8734, 27, 1),
(344, 'Condate Cadaverors', 'Khelby', '0', 12, 'matthieupatard@gmail.com', 1, 0, 0, 0, 0, 0, 19, 67, 3, 11, 6, 8072, 21, 1),
(345, 'Azes Butchers', 'Knox', '0', 1, 'thomasricart@hotmail.com', 0, 0, 0, 0, 0, 0, 13, 58, -1, 11, 6, 8557, 22, 1),
(346, 'The corpes', 'Melphios', '0', 12, 'melphios@gmail.com', 0, 0, 0, 0, 0, 0, 2, 39, -8, 8, 6, 12458, 32, 1),
(347, 'Roule la mort', 'Vincekiller', '0', 5, 'xavvin@aol.com', 0, 0, 0, 0, 0, 0, 19, 63, 5, 13, 6, 6995, 31, 1),
(348, 'Les petits chanteurs à la croix de bois', 'JOSE', '0', 11, 'jose_dsc@hotmail.com', 0, 0, 0, 0, 0, 0, 10, 64, -4, 17, 6, 10634, 27, 1),
(349, 'Allez les verts', 'Oleg', '0', 1, 'julienlinard@orange.fr', 1, 3, 0, 0, 0, 0, 15, 79, 1, 15, 6, 8765, 23, 1),
(350, 'Hérault du Tai', 'drix', '0', 9, 'cedricroussille@voila.fr', 0, 0, 0, 0, 0, 0, 11, 43, -2, 5, 6, 8742, 31, 1),
(351, 'Flagrant délice', 'Darktroll', '0', 9, 'lionllort@yahoo.fr', 0, 0, 0, 0, 0, 0, 18, 70, 5, 6, 6, 8071, 26, 1),
(352, 'Trambi & co', 'Laraigne', '0', 11, '', 0, 0, 0, 0, 0, 0, 10, 35, -4, 4, 6, 3225, 29, 1),
(353, 'Motorsheadz', 'Dieu', '0', 5, 'g-tb@wanadoo.fr', 0, 0, 0, 0, 0, 0, 21, 52, 5, 15, 6, 5709, 26, 1),
(354, 'White as snow', 'MachoMan', '0', 9, 'machovinz@yahoo.com', 0, 0, 0, 0, 0, 0, 19, 63, 6, 6, 6, 8183, 28, 1),
(355, 'West Wing', 'Turenne', '0', 9, 'charlie_eastwood@yahoo.fr', 0, 0, 0, 0, 0, 0, 14, 58, 1, 6, 6, 12639, 21, 1),
(356, 'Skaroth Players', 'Willem', '0', 2, 'guillaume.jourdon@gmail.com', 0, 0, 0, 0, 0, 0, 16, 50, 2, 9, 6, 8074, 26, 1),
(357, 'Celtics', 'Amaranth', '0', 5, 'yanick.porchet@libertysurf.fr', 1, 3, 0, 0, 0, 0, 11, 39, -4, 8, 6, 3529, 24, 1),
(358, 'Ch''tits orcs', 'fizzle', '0', 1, 'freepsilon@free.fr', 1, 3, 0, 0, 0, 0, 8, 42, -4, 11, 6, 6770, 32, 1),
(359, 'Ligthning Bugs', 'Longshot', '0', 9, 'Longshot_yoh@hotmail.com', 0, 0, 0, 0, 0, 0, 15, 70, 0, 6, 6, 101, 22, 1),
(360, 'Titi Rats', 'Titi', '0', 2, '', 0, 0, 0, 0, 0, 0, 12, 51, -1, 6, 6, 12781, 33, 1),
(361, 'Black Bones', 'Trambi', '0', 1, '', 0, 0, 0, 0, 0, 0, 13, 35, 1, 5, 6, 99, 33, 1),
(362, '', 'Claudius', '0', 12, 'nicolas.mage@gmail.com', 0, 0, 0, 0, 0, 0, 11, 39, -1, 5, 7, 9077, 45, 1),
(363, 'Olympus', 'RedDawn', '0', 14, 'fredericlegoff@neuf.fr', 0, 0, 0, 0, 0, 0, 10, 67, -3, 9, 7, 12496, 38, 1),
(364, 'Death is your destiny', 'Karaak', '0', 16, 'm.querre@aliceadsl.fr', 0, 0, 0, 0, 0, 0, 17, 59, 1, 6, 7, 13455, 41, 1),
(365, 'Black Tisseurs', 'Jmanu', '0', 15, 'jmanu@laposte.net', 0, 0, 0, 0, 0, 0, 16, 54, 2, 7, 7, 13451, 40, 1),
(366, 'beuuuuuuuuuuuuuurk', 'Zahiko', '0', 19, '', 0, 0, 0, 0, 0, 0, 10, 25, -6, 4, 7, 13997, NULL, 1),
(367, 'Deus Ex', 'Tristelune', '0', 3, 'fabricefsk@hotmail.com', 0, 0, 0, 0, 0, 0, 23, 76, 6, 10, 7, 9830, 36, 1),
(368, '', 'Acid', '0', 5, 'sylvie_nanarun@hotmail.com', 0, 0, 0, 0, 0, 0, 17, 56, 1, 10, 7, 8069, 45, 1),
(369, '', 'Matt_le_Fou', '0', 5, 'Matt.le.Fou@gmail.com', 0, 0, 0, 0, 0, 0, 13, 41, 0, 8, 7, 13561, 36, 1),
(370, '', 'Lord M', '0', 12, 'l.marie@numericable.com', 0, 0, 0, 0, 0, 0, 17, 66, 2, 15, 7, 8994, 37, 1),
(371, '', 'Speedy', '0', 2, 'alexis-37-@hotmail.fr', 0, 0, 0, 0, 0, 0, 12, 44, 1, 7, 7, 14089, 38, 1),
(372, 'La Mort qui pue', 'Vincekiller', '0', 3, 'xavvin@aol.com', 0, 0, 0, 0, 0, 0, 17, 47, 2, 5, 7, 6995, 42, 1),
(373, 'Black Bones', 'LoMas', '0', 1, 'laurent.masser@yahoo.fr', 0, 0, 0, 0, 0, 0, 11, 62, -5, 7, 7, 13578, 40, 1),
(374, 'Bras cassés', 'Téva', '0', 2, '', 0, 0, 0, 0, 0, 0, 11, 52, -2, 7, 7, 13644, 40, 1),
(375, 'Les américains', 'Baltus', '0', 4, 'morelgwenael@yahoo.fr', 0, 0, 0, 0, 0, 0, 11, 55, -3, 7, 7, 12499, 35, 1),
(376, 'American miniatures', 'Colonel Castor', '0', 5, 'matthieuaudigier@aol.com', 0, 0, 0, 0, 0, 0, 19, 78, 3, 14, 7, 8731, 35, 1),
(377, 'Sylvania', 'Drix', '0', 9, 'cedricroussille@voila.fr', 0, 0, 0, 0, 0, 0, 14, 52, -1, 8, 7, 8742, 37, 1),
(378, 'Chevaliers verts', 'Justicium', '0', 1, 'narcoboy@hotmail.fr', 0, 0, 0, 0, 0, 0, 19, 68, 5, 11, 7, 12319, 41, 1),
(379, 'Scare runners', 'Dipsy', '0', 2, 'toximago@hotmail.com', 0, 0, 0, 0, 0, 0, 18, 53, 0, 8, 7, 8740, 45, 1),
(380, 'Dark bitches', 'Scampi', '0', 3, '', 0, 0, 0, 0, 0, 0, 15, 48, 0, 8, 7, 10636, 43, 1),
(381, 'American Sockers', 'Khelby', '0', 21, 'matthieupatard@gmail.com', 0, 0, 0, 0, 0, 0, 8, 59, -4, 4, 7, 8072, 35, 1),
(382, 'Nannou', 'Martoni', '0', 5, 'cyrilleduval@hotmail.fr', 0, 0, 0, 0, 0, 0, 14, 64, -1, 9, 7, 6999, 34, 1),
(383, 'Lightnings bugs', 'Longshot', '0', 9, '', 0, 0, 0, 0, 0, 0, 19, 78, 3, 7, 7, 101, 34, 1),
(384, 'Oreilles pointues de Bongo', 'Fondu77', '0', 12, '', 0, 0, 0, 0, 0, 0, 14, 54, 1, 12, 7, 1183, 34, 1),
(385, 'Raising storm', 'Pink_Charlie', '0', 18, 'ch.chagny@wanadoo.fr', 0, 0, 0, 0, 0, 0, 11, 37, -4, 5, 7, 12457, 42, 1),
(386, 'Sons of sin', 'Amaranth', '0', 23, '', 0, 0, 0, 0, 0, 0, 15, 53, 1, 15, 7, 3529, 43, 1),
(387, 'Ogres Nabots United', 'Oleg', '0', 20, '', 0, 0, 0, 0, 0, 0, 17, 66, 1, 13, 7, 8765, 41, 1),
(388, 'SoG à mains', 'SoG', '0', 15, '', 0, 0, 0, 0, 0, 0, 8, 38, -3, 7, 7, 12988, 38, 1),
(389, 'Funky Unluckers', 'Heduotys', '0', 6, '', 0, 0, 0, 0, 0, 0, 1, 33, -11, 1, 7, 13450, 44, 1),
(390, 'Rèves de groles', 'Bozo', '0', 15, 'bertrand.dacheux@free.fr', 0, 0, 0, 0, 0, 0, 16, 75, 0, 6, 7, 6986, 44, 1),
(391, 'Chaos Pact deDouze', 'Fizzle', '0', 23, 'freepsilon@free.fr', 0, 0, 0, 0, 0, 0, 4, 40, -6, 10, 7, 6770, 44, 1),
(392, '', 'GotrekFBB', '0', 1, 'philazam@gmail.com', 0, 0, 0, 0, 0, 0, 9, 59, -1, 5, 7, 13692, NULL, 1),
(393, 'Black Ark', 'Bowl_Hunter', '0', 3, '', 0, 0, 0, 0, 0, 0, 16, 58, -1, 3, 7, 8463, 43, 1),
(394, 'Willmortis', 'Willmortis', '0', 2, '', 0, 0, 0, 0, 0, 0, 18, 57, 7, 13, 7, 0, 39, 1),
(395, 'Crashmen', 'Haktar', '0', 1, 'gbatista@free.fr', 0, 0, 0, 0, 0, 0, 13, 64, -3, 10, 7, 8734, 42, 1),
(396, 'Sevillas Revange', 'Knox', '0', 5, 'thomasricart@hotmail.com', 0, 0, 0, 0, 0, 0, 21, 75, 5, 11, 7, 8557, 39, 1),
(397, 'Reds', 'Oon', '0', 2, '', 0, 0, 0, 0, 0, 0, 12, 53, -2, 8, 7, 8861, 36, 1),
(398, 'Trambi''s fuckers', 'Darktroll', '0', 9, 'lionllort@yahoo.fr', 0, 0, 0, 0, 0, 0, 23, 72, 10, 6, 7, 8071, 39, 1),
(399, 'Maison bornial', 'Buck''s', '0', 3, 'francois.taillebrest@gmail.com', 0, 0, 0, 0, 0, 0, 19, 79, 6, 13, 7, 10346, 37, 1),
(400, 'Beach Bitch Beat''cha', 'Kamalh', '0', 12, 'kamalh95@msn.com', 0, 0, 0, 0, 0, 0, 19, 69, 3, 7, 8, 15487, 49, 1),
(401, 'American miniatures', 'Royal_Castor', '0', 5, 'matthieuaudigier@aol.com', 0, 0, 0, 0, 0, 0, 21, 63, 6, 11, 8, 8731, 51, 1),
(402, 'Blood Eagles', 'firkaag', '0', 4, 'firkaagdragus@hotmail.fr', 0, 0, 0, 0, 0, 0, 10, 43, -5, 6, 8, 16298, 56, 1),
(403, 'Kesta''s Vampires', 'Kesta', '0', 21, 'ygremillon@gmail.com', 0, 0, 0, 0, 0, 0, 12, 52, -1, 8, 8, 9519, 54, 1),
(404, 'Wistiti', 'RedDawn', '0', 17, 'fredericlegoff@neuf.fr', 0, 0, 0, 0, 0, 0, 17, 61, 2, 12, 8, 12496, 63, 1),
(405, 'Crom Lech Bashlords', 'Kadu-C', '0', 5, 'huguetfrancois@yahoo.fr', 0, 0, 0, 0, 0, 0, 8, 40, -4, 8, 8, 2460, 47, 1),
(406, 'New Regeneration', 'jManu', '0', 12, 'jmanu@laposte.net', 0, 0, 0, 0, 0, 0, 21, 53, 7, 7, 8, 8109, 55, 1),
(407, 'Ass Power', 'Auzxanio', '0', 14, 'Auzanthrax@hotmail.com', 0, 0, 0, 0, 0, 0, 15, 51, 4, 7, 8, 15214, 46, 1),
(408, 'Samarobriva''s Lancers', 'Isequiel', '0', 18, 'Auzanthrax@hotmail.com', 0, 0, 0, 0, 0, 0, 11, 52, -1, 7, 8, 15213, 46, 1),
(409, 'Longshot''s Padawan', 'LoMas', '0', 6, 'laurent.masser@gmail.com', 0, 0, 0, 0, 0, 0, 10, 49, -3, 6, 8, 13578, 55, 1),
(410, 'Justicium''s Girls', 'Justicium', '0', 14, 'Narcoboy@hotmail.fr', 0, 0, 0, 0, 0, 0, 15, 54, 4, 11, 8, 12319, 47, 1),
(411, 'Crawling Chaos', 'DeathAmbre', '0', 10, 'deathambre@gmail.com', 0, 0, 0, 0, 0, 0, 5, 41, -8, 5, 8, 0, 56, 1),
(412, 'Alchemy greens', 'Alchemy', '0', 1, 'mikael@tintinger.org', 0, 0, 0, 0, 0, 0, 12, 28, -2, 2, 8, 16204, 61, 1),
(413, 'Ankmorpork sylvains', 'Ankmorpork', '0', 9, 'ankmorpork@orange.fr', 0, 0, 0, 0, 0, 0, 15, 50, 1, 8, 8, 13453, 61, 1),
(414, 'Frakas pro', 'Frakas', '0', 18, 'roset_h@hotmail.com', 0, 0, 0, 0, 0, 0, 13, 59, 1, 7, 8, 16205, 61, 1),
(415, 'Les très longues jambes', 'ssb', '0', 24, 'stephane.serdaru@free.fr', 0, 0, 0, 0, 0, 0, 8, 56, -7, 6, 8, 13663, 52, 1),
(416, 'Deus Ex', 'Tristelune', '0', 3, 'fabricefsk@hotmail.com', 0, 0, 0, 0, 0, 0, 19, 60, 4, 5, 8, 9830, 52, 1),
(417, 'Erebor All Star', 'Atom', '0', 5, 'Tomblacktemplar@hotmail.fr', 0, 0, 0, 0, 0, 0, 13, 44, 0, 13, 8, 16208, 46, 1),
(418, 'Green Bay Eagles', 'Ghostdog', '0', 4, 'mathieuborel@hotmail.com', 0, 0, 0, 0, 0, 0, 15, 72, 1, 9, 8, 16212, 62, 1),
(419, 'Six feet under', 'Blackheim', '0', 12, 'benoit.guillaume1@neuf.fr', 0, 0, 0, 0, 0, 0, 16, 56, 0, 15, 8, 13664, 54, 1),
(420, 'Darky''s Humans', 'Darky', '0', 3, 'jbdikran@yahoo.fr', 0, 0, 0, 0, 0, 0, 14, 53, -1, 3, 8, 16206, 62, 1),
(421, 'Légions des maudits', 'Harti', '0', 11, 'kevin.nelaton@gmail.com', 0, 0, 0, 0, 0, 0, 14, 67, 2, 11, 8, 13583, 57, 1),
(422, 'Hard AJSM Rats', 'Blaad', '0', 2, 'Adrien.blain@free.fr', 0, 0, 0, 0, 0, 0, 12, 37, -1, 0, 8, 16300, 48, 1),
(423, 'Ymir''s Khuzad Drunk Guard', 'Kador', '0', 5, 'taghazok@hotmail.fr', 0, 0, 0, 0, 0, 0, 17, 62, 3, 11, 8, 15293, 49, 1),
(424, 'Da Kombat Squad', 'Diablange', '0', 1, 'diablange@live.fr', 0, 0, 0, 0, 0, 0, 19, 72, 2, 7, 8, 10768, 53, 1),
(425, 'Brain Dead Team ', 'Gregereggae', '0', 12, 'gantois@bcf.asso.fr', 0, 0, 0, 0, 0, 0, 16, 69, 4, 11, 8, 16207, 62, 1),
(426, 'Le peuple de l''Elfe', 'jordel', '0', 3, 'jordel@free.fr', 0, 0, 0, 0, 0, 0, 15, 57, 0, 5, 8, 13670, 54, 1),
(427, 'Beastie Orc Syndicate', 'Kayvorn', '0', 1, 'antoine_fa@yahoo.fr', 0, 0, 0, 0, 0, 0, 23, 83, 6, 13, 8, 0, 53, 1),
(428, 'Chaos Walkyries', 'Maximus', '0', 10, 'malec1470@yahoo.fr', 0, 0, 0, 0, 0, 0, 13, 46, -5, 8, 8, 0, 56, 1),
(429, 'Pink Storm', 'Pink Charlie', '0', 3, 'ch.chagny@wanadoo.fr', 0, 0, 0, 0, 0, 0, 16, 80, 0, 3, 8, 12457, 49, 1),
(430, 'American Chaotics', 'Baltus', '0', 23, 'morelgwenael@yahoo.fr', 0, 0, 0, 0, 0, 0, 6, 36, -11, 13, 8, 12499, 50, 1),
(431, 'Norstard Pinguins', 'Djaou', '0', 13, 'jf_lairie@msn.com', 0, 0, 0, 0, 0, 0, 21, 71, 6, 9, 8, 9832, 59, 1),
(432, 'Les furies de Bass Nhor', 'Gilko', '0', 3, 'gilles.contentin@neuf.fr', 0, 0, 0, 0, 0, 0, 14, 49, 0, 3, 8, 0, 48, 1),
(433, 'Mal à Barbe', 'Royal_Pingouin', '0', 11, 'umbre_98@hotmail.com', 0, 0, 0, 0, 0, 0, 19, 70, 3, 8, 8, 8741, 50, 1),
(434, 'La fouine', 'La fouine', '0', 4, '', 0, 0, 0, 0, 0, 0, 17, 65, 2, 6, 8, 15261, 58, 1),
(435, 'Les Americano-Tourangeaux', 'Belette', '0', 1, 'teahuclem@hotmail.fr', 0, 0, 0, 0, 0, 0, 14, 78, -1, 9, 8, 14633, 51, 1),
(436, '', 'Cyr_jb', '0', 5, 'cyr_jb@hotmail.fr', 0, 0, 0, 0, 0, 0, 11, 49, -3, 7, 8, 14644, 63, 1),
(437, '', 'Galmor', '0', 9, 'cerefi@hotmail.fr', 0, 0, 0, 0, 0, 0, 20, 62, 7, 2, 8, 13576, 51, 1),
(438, '', 'Gotrek', '0', 6, 'julian.ebersold@gmail.com', 0, 0, 0, 0, 0, 0, 6, 35, -9, 6, 8, 0, 60, 1),
(439, '', 'ktulu', '0', 9, 'mrc94@hotmail.fr', 0, 0, 0, 0, 0, 0, 17, 73, 4, 3, 8, 11531, 58, 1),
(440, 'Locomotive Boston', 'Turenne', '0', 10, 'audtom@yahoo.fr', 0, 0, 0, 0, 0, 0, 17, 49, 2, 17, 8, 12639, 50, 1),
(441, '', 'zorglub_II', '0', 4, 'philippe.ebersold@gmail.com', 0, 0, 0, 0, 0, 0, 6, 49, -8, 9, 8, 0, 60, 1),
(442, '', 'ginuss', '0', 1, 'passemartalain@neuf.fr', 0, 0, 0, 0, 0, 0, 16, 68, 0, 11, 8, 15402, 59, 1),
(443, '', 'Norfine', '0', 12, 'diogene_t4c@hotmail.com', 0, 0, 0, 0, 0, 0, 8, 60, -7, 12, 8, 16218, 58, 1),
(444, 'Midnor Raider', 'Azhag', '0', 11, 'corsic92@hotmail.com', 0, 0, 0, 0, 0, 0, 21, 76, 4, 18, 8, 14970, 57, 1),
(445, '', 'Fizzle', '0', 15, 'freepsilon@free.fr', 0, 0, 0, 0, 0, 0, 11, 41, -3, 8, 8, 6770, 57, 1),
(446, 'Les lions blancs', 'Prince Ysiel', '0', 18, 'ch-91@wanadoo.fr', 0, 0, 0, 0, 0, 0, 8, 26, -4, 2, 8, 0, 59, 1),
(447, 'Tumpetjtecule', 'Superbetal', '0', 16, 'superbetal@hotmail.com', 0, 0, 0, 0, 0, 0, 8, 38, -5, 7, 8, 0, 60, 1),
(448, 'Les lézards en tatanes', 'Téva', '0', 15, '', 0, 0, 0, 0, 0, 0, 10, 35, 5, 5, 8, 13644, 55, 1),
(449, '', 'Osskpo', '0', 13, 'Osskpo@gmx.fr', 0, 0, 0, 0, 0, 0, 15, 62, 1, 6, 8, 10350, 48, 1),
(450, 'Les moustachzzzz', 'Pedro', '0', 2, 'pcapeau@hotmail.com', 0, 0, 0, 0, 0, 0, 21, 81, 5, 6, 8, 372, 53, 1),
(451, 'Archouma Bloodbowl club', 'scampi', '0', 7, 'vemeavenueimmobilier@orange.fr', 0, 0, 0, 0, 0, 0, 12, 57, -2, 6, 8, 10636, 52, 1),
(452, 'Knox', 'Knox', '0', 5, 'knox_bb@laposte.net', 0, 0, 0, 0, 0, 0, 21, 82, 4, 13, 8, 8557, 47, 1),
(453, 'Super Stinkers', 'Trambi', '0', 2, 'trambi@free.fr', 0, 0, 0, 0, 0, 0, 12, 69, -2, 7, 8, 99, 63, 1),
(454, 'Beastie Orc Syndicate', 'Kayvorn', '0', 1, 'antoine_fa@yahoo.fr', 0, 0, 0, 0, 0, 0, 25, 146, 0, 4, 9, 16386, 72, 1),
(455, 'Green Baffes Packers', 'Sladmortis', '0', 1, 'sladmortis@lutececup.org', 0, 0, 0, 0, 0, 0, 29, 123, 2, 8, 9, 2464, 71, 1),
(456, 'SSB des bois', 'ssb', '0', 9, 'stephane.serdaru@gmail.com', 0, 0, 0, 0, 0, 0, 41, 141, 5, 11, 9, 13663, 64, 1),
(457, 'Pastis Stadium Revival', 'Titouch', '0', 9, 'jerome.fabre2@gmail.com', 0, 0, 0, 0, 0, 0, 35, 108, 2, 3, 9, 8738, 71, 1),
(458, 'Les cornus d''Azzroag', 'Azzroag', '0', 13, 'juliencoffinet@yahoo.fr', 0, 0, 0, 0, 0, 0, 35, 144, 3, 11, 9, 14519, 66, 1),
(459, 'Les barbus de Ghost', 'Ghostdog', '0', 5, 'mathieuborel@hotmail.fr', 0, 0, 0, 0, 0, 0, 20, 122, -1, 8, 9, 16212, 68, 1),
(460, 'Morts et  méchants', 'Justicium', '0', 12, 'narcoboy@hotmail.fr', 0, 0, 0, 0, 0, 0, 41, 111, 6, 9, 9, 12319, 76, 1),
(461, 'Ratatouille', 'bloodangelwolf', '0', 2, 'bloody35170@yahoo.fr', 0, 0, 0, 0, 0, 0, 23, 169, 2, 9, 9, 6800, 73, 1),
(462, 'Les spartiates', 'KaduC', '0', 23, 'huguetfrancois@yahoo.fr', 0, 0, 0, 0, 0, 0, 28, 144, 1, 13, 9, 2460, 82, 1),
(463, 'Ginuss Undeads', 'ginuss', '0', 12, 'passemartalain@neuf.fr', 0, 0, 0, 0, 0, 0, 20, 116, -3, 9, 9, 15402, 81, 1),
(464, 'Zorglub Greens', 'Zorglub', '0', 1, 'philippe.ebersold@gmail.com', 0, 0, 0, 0, 0, 0, 12, 98, -5, 6, 9, 0, 78, 1),
(465, 'Les Tirailleurs', 'Harti', '0', 11, 'kevin.nelaton@gmail.com', 0, 0, 0, 0, 0, 0, 29, 137, 2, 13, 9, 13583, 75, 1),
(466, 'Kador and Drink', 'Kador', '0', 13, 'taghazok@hotmail.fr', 0, 0, 0, 0, 0, 0, 25, 138, -1, 8, 9, 15293, 82, 1),
(468, 'Rats'' Bob', 'bob le fou', '0', 2, 'thib31@voila.fr', 0, 0, 0, 0, 0, 0, 16, 103, -1, 10, 9, 0, 81, 1),
(469, 'Les lézards de the pit', 'the_pit', '0', 15, 'shinjopierre@msn.com', 0, 0, 0, 0, 0, 0, 16, 120, -2, 10, 9, 16688, 75, 1),
(470, 'les morts vivants de greg', 'Gregereggae', '0', 12, 'gregereggae@gmail.com', 0, 0, 0, 0, 0, 0, 20, 104, -1, 18, 9, 16207, 74, 1),
(471, 'les nécromantiques de Blackheim', 'Blackheim', '0', 17, 'benoit.guillaume1@neuf.fr', 0, 0, 0, 0, 0, 0, 16, 111, -4, 10, 9, 13664, 72, 1),
(472, 'Les humains de Darky', 'Darky', '0', 4, 'jbdikran@yahoo.fr', 0, 0, 0, 0, 0, 0, 40, 111, 3, 8, 9, 16206, 74, 1),
(473, 'Les kikis', 'Knox', '0', 1, 'thomas.ricart@laposte.net', 0, 0, 0, 0, 0, 0, 31, 150, 1, 14, 9, 8557, 71, 1),
(474, 'Les nains du chaos d''oon', 'Oon', '0', 11, 'gerson.goncalves@free.fr', 0, 0, 0, 0, 0, 0, 20, 99, -1, 7, 9, 8861, 70, 1),
(475, 'L''olympique Déchets', 'Royal_Castor', '0', 2, 'matthieuaudigier@aol.com', 0, 0, 0, 0, 0, 0, 16, 89, -2, 5, 9, 8731, 73, 1),
(476, 'Trambi''s mummies', 'LoMas', '0', 12, 'laurent.masser@gmail.com', 0, 0, 0, 0, 0, 0, 31, 118, 1, 15, 9, 13578, 77, 1),
(477, 'Les morlocks', 'Tristelune', '0', 22, 'fabricefsk@hotmail.com', 0, 0, 0, 0, 0, 0, 23, 77, 0, 8, 9, 9830, 70, 1),
(478, 'Racing Undead Club', 'ACID', '0', 12, 'sylvie_nanarun@hotmail.com', 0, 0, 0, 0, 0, 0, 31, 122, 2, 10, 9, 8069, 78, 1),
(479, 'Birdmoon Rats', 'Birdmoon', '0', 2, 'birdmoon@wanadoo.fr', 0, 0, 0, 0, 0, 0, 8, 96, -7, 5, 9, 0, 67, 1),
(480, 'Les moisis de Ydroegir', 'Ydroegir', '0', 17, 'Ydroegir@laposte.net', 0, 0, 0, 0, 0, 0, 11, 116, -3, 3, 9, 0, 67, 1),
(481, '', 'basurdi', '0', 13, 'duclos.arnaud@live.fr', 0, 0, 0, 0, 0, 0, 25, 88, 0, 9, 9, 12770, 64, 1),
(482, 'Just girls', 'french_maverick ', '0', 14, 'iojohn@hotmail.fr', 0, 0, 0, 0, 0, 0, 20, 94, 0, 9, 9, 13452, 64, 1),
(483, 'Bankai Team', 'Hôzukimaru', '0', 1, 'thiti8523@hotmail.fr', 0, 0, 0, 0, 0, 0, 2, 118, -8, 6, 9, 0, 82, 1),
(484, 'Les Mouse Kosko', 'Zype', '0', 2, 'gegezip@hotmail.com', 0, 0, 0, 0, 0, 0, 11, 98, -7, 5, 9, 17556, 66, 1),
(485, 'Les elfes de Frakas', 'Frakas', '0', 18, 'roset_h@hotmail.com', 0, 0, 0, 0, 0, 0, 21, 92, -3, 5, 9, 16205, 65, 1),
(486, 'Canons de Kephrens', 'Alchemy', '0', 16, 'mikael.tintinger@wanadoo.fr', 0, 0, 0, 0, 0, 0, 28, 125, 0, 13, 9, 16204, 65, 1),
(487, 'Oleg rats', 'Oleg', '0', 2, 'julien.linard@bbox.fr', 0, 0, 0, 0, 0, 0, 20, 120, 2, 9, 9, 8765, 73, 1),
(488, 'Cobras noirs', 'sebotouno', '0', 15, 'sebotouno@yahoo.fr', 0, 0, 0, 0, 0, 0, 34, 102, 3, 18, 9, 16213, 67, 1);
INSERT INTO `tournament_coach` (`id`, `team_name`, `name`, `file`, `id_race`, `email`, `fan_factor`, `reroll`, `apothecary`, `assistant_coach`, `cheerleader`, `wizard`, `points`, `opponents_points`, `net_td`, `casualties`, `edition`, `naf_number`, `id_coach_team`, `ready`) VALUES
(489, 'Gros Nain et ses orcs', 'Gros Nain', '0', 1, 'matthieu.querre@hotmail.fr', 0, 0, 0, 0, 0, 0, 29, 131, 1, 16, 9, 14524, 76, 1),
(490, 'So bad', 'Karaak', '0', 11, 'matthieu.querre@hotmail.fr', 0, 0, 0, 0, 0, 0, 25, 97, -1, 8, 9, 13455, 76, 1),
(491, 'Ankmorpork', 'Ankmorpork', '0', 3, 'ankmorpork@orange.fr', 0, 0, 0, 0, 0, 0, 26, 139, 1, 6, 9, 13453, 65, 1),
(492, 'Thanarils', 'azhag', '0', 9, 'simon.chantelard@gmail.com', 0, 0, 0, 0, 0, 0, 22, 120, 2, 5, 9, 14970, 75, 1),
(493, 'Les courts sur pattes', 'Jugaka', '0', 5, 'gael.morelk@laposte.net', 0, 0, 0, 0, 0, 0, 22, 117, -1, 8, 9, 10639, 69, 1),
(494, 'Mort-vivant', 'ktulu', '0', 12, 'mrc94@hotmail.fr', 0, 0, 0, 0, 0, 0, 35, 173, 4, 9, 9, 11531, 68, 1),
(495, 'Orc', 'maskil', '0', 1, 'mas_kil@hotmail.com', 0, 0, 0, 0, 0, 0, 28, 146, 0, 8, 9, 15259, 68, 1),
(496, 'Nordique', 'Osskpo', '0', 13, 'Osskpo@gmx.fr', 0, 0, 0, 0, 0, 0, 25, 135, -2, 10, 9, 10350, 69, 1),
(497, 'Les pisseurs de Chimay', 'Téva', '0', 13, 'silk.78@laposte.net', 0, 0, 0, 0, 0, 0, 34, 118, 1, 20, 9, 13644, 77, 1),
(498, 'Nordique', 'SCAMPI', '0', 13, 'juliengouy@orange.fr', 0, 0, 0, 0, 0, 0, 35, 147, 4, 17, 9, 10636, 66, 1),
(499, 'La compagnie du liquide Reims', 'Buck''s', '0', 9, 'Francois.Taillebrest@gmail.com', 0, 0, 0, 0, 0, 0, 28, 140, 0, 3, 9, 10346, 69, 1),
(500, '', 'pink charlie', '0', 9, 'ch.chagny@wanadoo.fr', 0, 0, 0, 0, 0, 0, 32, 105, 2, 5, 9, 12457, 70, 1),
(501, 'Maroquinerie Bozo', 'Bozo', '0', 15, '', 0, 0, 0, 0, 0, 0, 26, 118, 3, 11, 9, 6986, 81, 1),
(502, 'Jordel', 'jordel', '0', 3, 'jordel@free.fr', 0, 0, 0, 0, 0, 0, 22, 102, 0, 10, 9, 13670, 72, 1),
(503, 'Feuilles d''automne', 'jmanu', '0', 9, 'jmanu@laposte.net', 0, 0, 0, 0, 0, 0, 50, 157, 7, 6, 9, 8109, 77, 1),
(504, 'Super Stinkers', 'Trambi', '0', 2, 'trambi@free.fr', 0, 0, 0, 0, 0, 0, 19, 119, -2, 8, 9, 99, 78, 1),
(505, '', 'zupaludo', '0', 1, 'ludogw@free.fr', 0, 0, 0, 0, 0, 0, 9, 112, -5, 11, 9, 0, 74, 1),
(506, 'Nasgard Dolphins', 'Aredhel', '0', 18, 'a@a.fr', 0, 0, 0, 0, 0, 0, 13, 127, -3, 6, 9, 4978, 80, 1),
(507, 'Funny Underworld', 'Funny Valentine', '0', 22, 'f@v.fr', 0, 0, 0, 0, 0, 0, 44, 149, 6, 10, 9, 14973, 80, 1),
(508, 'Gangsta dLorain', 'LeOng', '0', 14, 'l@o.fr', 0, 0, 0, 0, 0, 0, 24, 82, -3, 10, 9, 13201, 80, 1),
(509, 'Twinky''s snakes', 'Twinky', '0', 15, 'guillaume.pinna@gmail.com', 0, 0, 0, 0, 0, 0, 15, 154, -4, 11, 10, 17981, 94, 1),
(510, 'Miragliano Heretics', 'Ydroegir', '0', 4, 'Ydroegir@laposte.net', 0, 0, 0, 0, 0, 0, 25, 146, -1, 7, 10, 17916, 94, 1),
(511, 'Zorgsludge', 'Zorglub', '0', 7, 'philippe.ebersold@gmail.com', 0, 0, 0, 0, 0, 0, 5, 102, -11, 7, 10, 17630, 89, 1),
(512, 'La Mascarade', 'Harti', '0', 7, 'kevin.nelaton@gmail.com', 0, 0, 0, 0, 0, 0, 21, 168, -5, 7, 10, 13583, 84, 1),
(513, 'Les Bibendums de Toutcouleur', '"Go the hakes"', '0', 8, 'ronanlegaillard@hotmail.fr', 0, 0, 0, 0, 0, 0, 13, 135, -4, 5, 10, 18444, 83, 1),
(514, 'Les Fossoyeurs et Croquemorts Libres', 'fantomas', '0', 4, 'gaetansimon56@gmail.com', 0, 0, 0, 0, 0, 0, 12, 159, -7, 7, 10, 18445, 83, 1),
(515, 'Koad Brezelourien', 'merlu', '0', 9, 'w.plm@laposte.net', 0, 0, 0, 0, 0, 0, 7, 113, -5, 5, 10, 18446, 83, 1),
(516, 'Palkouhan''s Undeads', 'Paulkouhan', '0', 12, 'david@davidgarcia.net', 0, 0, 0, 0, 0, 0, 35, 203, 6, 7, 10, 17352, 90, 1),
(517, 'Mighty Bowlers', 'LoMas', '0', 4, 'laurent.masser@gmail.com', 0, 0, 0, 0, 0, 0, 26, 139, 1, 16, 10, 13578, 88, 1),
(518, 'Rabbit''s Socks''', 'Zahiko', '0', 4, 'totonoel@hotmail.fr', 0, 0, 0, 0, 0, 0, 24, 176, -2, 3, 10, 13997, 84, 1),
(519, 'Les chaussettes méga classes', 'The_pit', '0', 18, 'shinjopierre@msn.com', 0, 0, 0, 0, 0, 0, 31, 155, -1, 4, 10, 16688, 84, 1),
(520, 'Saigneurs des Cryptes', 'Alchemy', '0', 21, 'mikael.tintinger@wanadoo.fr', 0, 0, 0, 0, 0, 0, 22, 139, -1, 9, 10, 16204, 86, 1),
(521, 'Bloody pioutes', 'JManu', '0', 21, 'jeanmanuel.pirao@gmail.com', 0, 0, 0, 0, 0, 0, 40, 203, 6, 4, 10, 8109, 88, 1),
(522, 'Les Titans de l''été', 'themasterofchaos', '0', 15, 'mattheymaxime@free.fr', 0, 0, 0, 0, 0, 0, 32, 216, 2, 14, 10, 18694, 90, 1),
(523, 'Rendez-vous Old Stars', 'KaduC', '0', 4, 'huguetfrancois@yahoo.fr', 0, 0, 0, 0, 0, 0, 41, 197, 5, 13, 10, 2460, NULL, 1),
(524, '11 c''est peu', 'kamalh', '0', 3, 'kamalh95@msn.com', 0, 0, 0, 0, 0, 0, 23, 144, 0, 8, 10, 15487, 90, 1),
(525, 'Lilliput''s Monsters', 'Coyotte', '0', 17, 'mathieu.guyot@yahoo.fr', 0, 0, 0, 0, 0, 0, 25, 145, -2, 14, 10, 16812, 85, 1),
(526, 'Da SES Lakers', 'Sgala', '0', 2, 'famille3m@orange.fr', 0, 0, 0, 0, 0, 0, 41, 152, 11, 12, 10, 18239, 92, 1),
(527, 'Duff64', 'Duff64', '0', 11, 'tabary.thomas@gmail.com', 0, 0, 0, 0, 0, 0, 22, 134, -1, 17, 10, 12460, 87, 1),
(528, 'Tatane Piut suckers', 'Ghostdog', '0', 23, 'mathieuborel@hotmail.fr', 0, 0, 0, 0, 0, 0, 44, 181, 5, 20, 10, 16212, 91, 1),
(529, 'Nordiques Kennek', 'gregereggae', '0', 13, 'gantois@bcf.asso.fr', 0, 0, 0, 0, 0, 0, 35, 177, 3, 20, 10, 16207, 92, 1),
(530, 'Paris Super Gob', 'Ktulu', '0', 7, 'mrc94@hotmail.fr', 0, 0, 0, 0, 0, 0, 20, 157, -1, 9, 10, 11531, 91, 1),
(531, 'Les jardiniers de l''Ouest', 'Tangor', '0', 5, 'tanguy.dechiron@laposte.net', 0, 0, 0, 0, 0, 0, 25, 137, -2, 9, 10, 0, 93, 1),
(532, 'J''joue Morts-vivants et je suis content', 'jordel', '0', 12, NULL, 0, 0, 0, 0, 0, 0, 31, 183, 0, 12, 10, 13670, 85, 1),
(533, 'Beasty Orc Syndicate', 'Kayvorn', '0', 1, NULL, 0, 0, 0, 0, 0, 0, 35, 183, 4, 9, 10, 16386, 85, 1),
(534, 'Tombas Stars', 'Pelopidas', '0', 12, NULL, 0, 0, 0, 0, 0, 0, 32, 160, 1, 17, 10, 12462, 87, 1),
(535, 'Les bleus', 'ginuss', '0', 4, NULL, 0, 0, 0, 0, 0, 0, 21, 125, 1, 18, 10, 15402, 93, 1),
(536, 'The Batcave', 'Ankmorpork', '0', 3, NULL, 0, 0, 0, 0, 0, 0, 22, 139, -1, 6, 10, 13453, 86, 1),
(537, 'Dirty Bastards team', 'pink charlie', '0', 21, NULL, 0, 0, 0, 0, 0, 0, 20, 112, -1, 4, 10, 12457, 87, 1),
(538, 'Les vamps', 'nainformateur', '0', 21, NULL, 0, 0, 0, 0, 0, 0, 34, 188, 2, 8, 10, 17603, NULL, 1),
(539, 'Chaos Weavers', 'Téva', '0', 10, NULL, 0, 0, 0, 0, 0, 0, 25, 127, -1, 16, 10, 13644, 88, 1),
(540, 'Les oufs', 'Itchou', '0', 4, NULL, 0, 0, 0, 0, 0, 0, 41, 171, 5, 11, 10, 1144, 89, 1),
(541, 'Warp stone and Charden', 'Deuxfleurs', '0', 2, NULL, 0, 0, 0, 0, 0, 0, 31, 157, 0, 8, 10, 0, 93, 1),
(542, 'Old Socks Slann', 'Claudius', '0', 24, NULL, 0, 0, 0, 0, 0, 0, 16, 174, -1, 7, 10, 9077, 89, 1),
(543, 'Frakass Santiags', 'Frakas', '0', 15, NULL, 0, 0, 0, 0, 0, 0, 22, 148, 2, 6, 10, 16205, 86, 1),
(544, 'Humans Skills', 'Maskil', '0', 4, NULL, 0, 0, 0, 0, 0, 0, 25, 157, 0, 13, 10, 15259, 91, 1),
(545, 'Reiksguard''s Runners', 'Darky', '0', 4, 'jbdikran@yahoo.fr', 1, 0, 0, 0, 0, 0, 32, 106, 4, 11, 10, 16206, 92, 1),
(547, 'Titans des tempetes', 'Trambi', '0', 20, 'trambi@free.fr', 1, 0, 0, 0, 0, 0, 11, 130, -7, 9, 10, 99, 94, 1),
(548, '', 'azzroag', '0', 12, 'juliencoffinet@yahoo.fr', 0, 0, 0, 0, 0, 0, 37, 122, 5, 13, 11, 14519, 96, 1),
(549, '', 'Harti', '0', 14, 'juliencoffinet@yahoo.fr', 0, 0, 0, 0, 0, 0, 35, 98, 8, 8, 11, 0, 96, 1),
(550, 'Nordiques Kennek', 'Gregereggae', '0', 5, 'gantois@bcf.asso.fr', 0, 0, 0, 0, 0, 0, 30, 120, 3, 20, 11, 16207, 95, 1),
(551, '', 'Buck''s', '0', 21, 'francois.taillebrest@gmail.com', 0, 0, 0, 0, 0, 0, 26, 93, 2, 6, 11, 10346, 96, 1),
(552, '', 'scampi', '0', 1, 'juliencoffinet@yahoo.fr', 0, 0, 0, 0, 0, 0, 10, 92, -5, 11, 11, 10636, 97, 1),
(553, 'Da SES Lakers', 'Sgala', '0', 2, 'famille3m@orange.fr', 0, 0, 0, 0, 0, 0, 17, 101, -5, 0, 11, 18239, 95, 1),
(554, '', 'styx_gdl', '0', 14, 'juliencoffinet@yahoo.fr', 0, 0, 0, 0, 0, 0, 15, 120, -2, 9, 11, 0, 97, 1),
(555, '', 'wildgripper', '0', 23, 'juliencoffinet@yahoo.fr', 0, 0, 0, 0, 0, 0, 7, 112, -6, 5, 11, 0, 97, 1),
(556, 'Reiksguard''s Runners', 'Darky', '0', 4, 'jbdikran@yahoo.fr', 0, 0, 0, 0, 0, 0, 26, 107, 2, 10, 11, 16206, 95, 1),
(559, '', 'Skrolk', '0', 2, 'q.dormion@laposte.net', 0, 0, 0, 0, 0, 0, 17, 76, -2, 9, 11, 18011, 98, 1),
(560, '', 'Knox', '0', 14, 'sladmortis@lutececup.org', 0, 0, 0, 0, 0, 0, 26, 95, 3, 18, 11, 8557, 98, 1),
(562, '', 'Sladmortis', '0', 4, 'sladmortis@lutececup.org', 0, 0, 0, 0, 0, 0, 23, 115, 1, 10, 11, 2464, 98, 1),
(563, 'Stade Lorain', 'JC', '0', 9, 'cyrilleduval@hotmail.fr', 0, 0, 0, 0, 0, 0, 26, 95, 4, 10, 11, 4019, 101, 1),
(564, 'Stade Lorain of Sewers', 'Martoni', '0', 2, 'cyrilleduval@hotmail.fr', 0, 0, 0, 0, 0, 0, 34, 121, 5, 11, 11, 6999, 101, 1),
(565, 'Stade Lorain of Death', 'Oon', '0', 12, 'cyrilleduval@hotmail.fr', 0, 0, 0, 0, 0, 0, 25, 110, 1, 8, 11, 8861, 101, 1),
(566, '', 'deuxfleurs', '0', 18, 'tanguy.dechiron@laposte.net', 0, 0, 0, 0, 0, 0, 22, 119, 1, 8, 11, 0, 100, 1),
(567, '', 'frenetikm', '0', 5, 'tanguy.dechiron@laposte.net', 0, 0, 0, 0, 0, 0, 3, 112, -10, 16, 11, 0, 100, 1),
(568, '', 'grinegiant', '0', 9, 'tanguy.dechiron@laposte.net', 0, 0, 0, 0, 0, 0, 25, 109, 1, 2, 11, 20009, 100, 1),
(569, '', 'Basurdi', '0', 11, 'stephane.serdaru@gmail.com', 0, 0, 0, 0, 0, 0, 25, 118, 1, 6, 11, 12770, 103, 1),
(570, '', 'Pixmen', '0', 13, 'stephane.serdaru@gmail.com', 0, 0, 0, 0, 0, 0, 14, 81, -3, 6, 11, 13857, 103, 1),
(571, '', 'SSB', '0', 17, 'stephane.serdaru@gmail.com', 0, 0, 0, 0, 0, 0, 21, 104, 0, 15, 11, 13663, 103, 1),
(572, '', 'Ghostdog', '0', 1, 'mathieuborel@hotmail.fr', 0, 0, 0, 0, 0, 0, 24, 111, 0, 7, 11, 16212, 102, 1),
(573, '', 'Krisgob', '0', 1, 'sebotouno@yahoo.fr', 0, 0, 0, 0, 0, 0, 18, 88, -2, 7, 11, 0, 105, 1),
(574, '', 'sebotouno', '0', 18, 'sebotouno@yahoo.fr', 0, 0, 0, 0, 0, 0, 28, 110, 2, 4, 11, 16213, 105, 1),
(575, '', 'Ktulu', '0', 15, 'mathieuborel@hotmail.fr', 0, 0, 0, 0, 0, 0, 30, 116, 3, 5, 11, 11531, 102, 1),
(576, '', 'La_Fouine', '0', 12, 'mathieuborel@hotmail.fr', 0, 0, 0, 0, 0, 0, 11, 130, -4, 10, 11, 15261, 102, 1),
(577, '', 'the_pit', '0', 18, 'totonoel@hotmail.fr', 0, 0, 0, 0, 0, 0, 18, 101, -1, 1, 11, 16688, 99, 1),
(578, '', 'zahiko', '0', 3, 'totonoel@hotmail.fr', 0, 0, 0, 0, 0, 0, 28, 87, 2, 5, 11, 13997, 99, 1),
(579, '', 'Zorglub', '0', 3, 'sebotouno@yahoo.fr', 0, 0, 0, 0, 0, 0, 10, 88, -5, 7, 11, 17630, 105, 1),
(580, '', 'Funny_Valentine', '0', 11, 'z.quentin@gmail.com', 0, 0, 0, 0, 0, 0, 21, 112, 0, 11, 11, 14973, 104, 1),
(581, '', 'Pink_Charlie', '0', 22, 'z.quentin@gmail.com', 0, 0, 0, 0, 0, 0, 17, 78, -2, 11, 11, 12457, 104, 1),
(582, '', 'Garden', '0', 12, 'z.quentin@gmail.com', 0, 0, 0, 0, 0, 0, 30, 113, 3, 18, 11, 17710, 104, 1),
(583, '', 'old_dwarf', '0', 6, 'totonoel@hotmail.fr', 0, 0, 0, 0, 0, 0, 15, 95, -2, 6, 11, 17629, 99, 1),
(584, 'Metal Avengers', 'Trambi', '0', 4, NULL, 1, 0, 0, 0, 0, 0, 23, 113, 1, 10, 11, 99, 106, 1),
(585, 'Bloody Piut', 'JManu', '0', 21, NULL, 1, 0, 0, 0, 0, 0, 29, 79, 2, 3, 11, 0, 106, 1),
(586, '0', 'Carl Malavai', '0', 13, NULL, 1, 0, 0, 0, 0, 0, 18, 122, -1, 10, 11, 0, 106, 1),
(587, '', 'Tyra', '0', 18, 'juliencoffinet@yahoo.fr', 0, 0, 0, 0, 0, 0, 38, 89, 7, 6, 12, 18660, 109, 1),
(588, '', 'Bucks', '0', 21, 'juliencoffinet@yahoo.fr', 0, 0, 0, 0, 0, 0, 10, 65, -4, 5, 12, 10346, 109, 1),
(589, '', 'Harti', '0', 9, 'juliencoffinet@yahoo.fr', 0, 0, 0, 0, 0, 0, 39, 95, 8, 9, 12, 13583, 109, 1),
(590, 'The Ulthuan wizzzzz', '"Go the Hakes !"', '0', 18, 'ronanlegaillard@hotmail.fr', 0, 0, 0, 0, 0, 0, 23, 72, 3, 2, 12, 18444, 108, 1),
(591, 'Chaos technique', 'Fantomas', '0', 10, 'ronanlegaillard@hotmail.fr', 0, 0, 0, 0, 0, 0, 26, 86, 2, 8, 12, 18445, 108, 1),
(592, 'La Bande &agrave; Gourcuff', 'Merlu', '0', 4, 'ronanlegaillard@hotmail.fr', 0, 0, 0, 0, 0, 0, 13, 60, -5, 5, 12, 18446, 108, 1),
(593, 'Dwarf killers', 'Knox', '0', 4, 'thomas.ricart@laposte.net', 0, 0, 0, 0, 0, 0, 21, 94, -2, 11, 12, 8557, 107, 1),
(594, 'Pro mais cool', 'Sladmortis', '0', 18, 'sladmortis@lutececup.org', 0, 0, 0, 0, 0, 0, 24, 90, 2, 6, 12, 2464, 107, 1),
(595, 'Pastis Stadium Revival', 'Titouch', '0', 9, ' jerome.fabre2@gmail.com', 0, 0, 0, 0, 0, 0, 43, 100, 10, 8, 12, 8738, 107, 1),
(596, '', 'Carl Malavai', '0', 12, '', 0, 0, 0, 0, 0, 0, 16, 85, -3, 14, 12, 13584, 118, 1),
(597, '', 'Garden', '0', 12, 'z.quentin@gmail.com', 0, 0, 0, 0, 0, 0, 21, 80, -1, 12, 12, 17710, 116, 1),
(598, '', 'Krisgob', '0', 1, 'laurent.masser@gmail.com', 0, 0, 0, 0, 0, 0, 18, 63, -4, 5, 12, 0, 115, 1),
(599, '', 'ktulu', '0', 5, 'mrc94@hotmail.fr', 0, 0, 0, 0, 0, 0, 32, 126, 3, 6, 12, 11531, 113, 1),
(600, '', 'loreco', '0', 2, 'mrc94@hotmail.fr', 0, 0, 0, 0, 0, 0, 21, 88, -2, 13, 12, 20398, 114, 1),
(601, '', 'maskil', '0', 1, 'mrc94@hotmail.fr', 0, 0, 0, 0, 0, 0, 13, 93, -3, 11, 12, 15259, 113, 1),
(602, '', 'Menzogna', '0', 11, '', 0, 0, 0, 0, 0, 0, 26, 126, -1, 12, 12, 16475, 116, 1),
(603, '', 'Zorglub', '0', 7, 'dwarf_warrior1984@hotmail.fr', 0, 0, 0, 0, 0, 0, 10, 66, -7, 12, 12, 17630, 111, 1),
(604, '', 'ghostdog', '0', 12, 'mrc94@hotmail.fr', 0, 0, 0, 0, 0, 0, 22, 75, 1, 12, 12, 16212, 113, 1),
(605, '', 'JManu', '0', 12, 'totonoel@hotmail.fr', 0, 0, 0, 0, 0, 0, 22, 73, 1, 15, 12, 8109, 110, 1),
(606, '', 'Old Dwarf', '0', 20, 'dwarf_warrior1984@hotmail.fr', 0, 0, 0, 0, 0, 0, 3, 50, -9, 21, 12, 17269, 111, 1),
(607, '', 'Sebotouno', '0', 21, 'sebotouno@yahoo.fr', 0, 0, 0, 0, 0, 0, 27, 94, 2, 6, 12, 16213, 118, 1),
(608, '', 'Trambi', '0', 5, 'bertrand.madet@gmail.com', 0, 0, 0, 0, 0, 0, 19, 65, 0, 9, 12, 99, 118, 1),
(609, '', 'Pippy', '0', 21, 'brendanspencelayh@yahoo.co.uk', 0, 0, 0, 0, 0, 0, 29, 66, 3, 7, 12, 5290, 112, 1),
(610, '', 'Schmee', '0', 10, 'brendanspencelayh@yahoo.co.uk', 0, 0, 0, 0, 0, 0, 2, 83, -8, 18, 12, 5767, 112, 1),
(611, '', 'T&eacute;va', '0', 12, 'totonoel@hotmail.fr', 0, 0, 0, 0, 0, 0, 26, 113, 1, 21, 12, 13644, 110, 1),
(612, '', 'Winkle_Picka', '0', 4, 'brendanspencelayh@yahoo.co.uk', 0, 0, 0, 0, 0, 0, 36, 97, 7, 13, 12, 12545, 112, 1),
(613, '', 'Barboza', '0', 11, 'laurent.masser@gmail.com', 0, 0, 0, 0, 0, 0, 24, 84, 0, 9, 12, 13812, 115, 1),
(614, '', 'The Pit', '0', 8, 'dwarf_warrior1984@hotmail.fr', 0, 0, 0, 0, 0, 0, 14, 112, -3, 8, 12, 16688, 111, 1),
(615, '', 'Zahiko', '0', 9, 'totonoel@hotmail.fr', 0, 0, 0, 0, 0, 0, 21, 124, 2, 9, 12, 13997, 110, 1),
(616, '', 'la fouine', '0', 7, 'mrc94@hotmail.fr', 0, 0, 0, 0, 0, 0, 25, 72, 1, 6, 12, 15261, 114, 1),
(617, '', 'SSB', '0', 1, 'stephane.serdaru@gmail.com', 0, 0, 0, 0, 0, 0, 14, 90, -4, 9, 12, 13663, 116, 1),
(618, '', 'gregereggae', '0', 5, 'mrc94@hotmail.fr', 0, 0, 0, 0, 0, 0, 29, 119, 2, 15, 12, 16207, 114, 1),
(619, '', 'JC', '0', 9, 'cyrilleduval@hotmail.fr', 0, 0, 0, 0, 0, 0, 18, 94, -2, 7, 12, 4019, 117, 1),
(620, '', 'LoMas', '0', 23, 'laurent.masser@gmail.com', 0, 0, 0, 0, 0, 0, 14, 66, -4, 15, 12, 13578, 115, 1),
(621, '', 'Martoni', '0', 2, 'cyrilleduval@hotmail.fr', 0, 0, 0, 0, 0, 0, 26, 104, 3, 3, 12, 6999, 117, 1),
(622, '', 'Oon', '0', 11, 'cyrilleduval@hotmail.fr', 0, 0, 0, 0, 0, 0, 27, 109, 4, 13, 12, 8861, 117, 1);

-- --------------------------------------------------------

--
-- Structure de la table `tournament_coach_team`
--

CREATE TABLE IF NOT EXISTS `tournament_coach_team` (
  `id` tinyint(4) NOT NULL AUTO_INCREMENT,
  `name` varchar(64) COLLATE utf8_unicode_ci NOT NULL DEFAULT '',
  PRIMARY KEY (`id`)
) ENGINE=MyISAM  DEFAULT CHARSET=utf8 COLLATE=utf8_unicode_ci PACK_KEYS=0 AUTO_INCREMENT=119 ;

--
-- Contenu de la table `tournament_coach_team`
--

INSERT INTO `tournament_coach_team` (`id`, `name`) VALUES
(1, 'Buldogr - Pwet - Aredhel'),
(2, 'Kadu-C Titouch'' Ptitjaune'),
(3, 'Jarjarus White Nathaniel'),
(4, 'Le Prez Sladmortis L-X'),
(5, 'Kinido Rhonono Pote'),
(6, 'Don Waldorf Knox Yobenny'),
(7, 'Zeeboub Izo Bowl Hunter'),
(8, 'Martoni Eddie Kool'),
(9, 'Lord M - Oleg - Khelby'),
(10, 'Tinky Dispy Akuma'),
(11, 'Laraigne Mystic Lolo Tojorub'),
(12, 'Oranje'),
(13, 'Battleaxe Groron Lizardcore'),
(14, 'Venomous Breath Rob OMM'),
(15, 'Macho man Mangouste Darktroll'),
(16, 'Dwarfcoach Lucifer Bunnygirl'),
(17, 'Dieu et les cafards'),
(18, 'DaKloub Pedro Diogen'),
(19, 'Strider-Sammy-Vicktor'),
(20, 'Des poils et des collants'),
(21, 'Colonel Castor - Khelby - Turenne'),
(22, 'Old School'),
(23, 'DTC'),
(24, 'Equipe Z'),
(25, 'Arkhandzar - Sladmortis - Kool'),
(26, 'Dieu et ses clampins'),
(27, 'Goléadores'),
(28, 'Lord Bojo - Machoman - Sammy'),
(29, 'Bull'' - Justicium - Laraigne'),
(30, 'Red Dawn - Wismerhill - Kadu-c'),
(31, 'Vincekiller - Drix - Osskpo'),
(32, 'Ch''tits'),
(33, 'Les réservistes'),
(34, 'Libreville_Abdijan'),
(35, 'Les américains'),
(36, 'Goléadores'),
(37, 'EBS'),
(38, 'Crom'),
(39, 'Les Kikis'),
(40, 'Claquettes Team'),
(41, 'Oleg en équipe de France'),
(42, 'Troléadores'),
(43, 'Tribute to Mickael Jackson'),
(44, 'Touritas'),
(45, 'Old Socks'''),
(46, 'AAI'''),
(47, 'Les Kikis'),
(48, 'Pelforth'),
(49, 'Krak 12-10'),
(50, 'American Minotaur'),
(51, 'American chouineur'),
(52, 'Lutece'),
(53, 'Les Chisseurs de Timères'),
(54, 'LBBO Team'),
(55, 'Tapane Piut Team'),
(56, 'Fumble Team'),
(57, 'Les nains capables'),
(58, 'Les alcoolos'),
(59, 'Non !'),
(60, 'Les Zostrogo'),
(61, 'Brothers of No Mercy'),
(62, 'Metting Blocks'),
(63, 'Les cascadeurs'),
(64, 'Expert Lutèce'),
(65, 'Brothers of No Mercy'),
(66, 'GDL'),
(67, 'Naggaroth Evil Ghost'),
(68, 'ACP'),
(69, 'Chevalier du Pow'),
(70, 'Goleadores'),
(71, 'Kikis'),
(72, 'LBBO'),
(73, 'Oleg et ses faces de loutres'),
(74, 'SES'),
(75, 'Socks'' 1'),
(76, 'T1'),
(77, 'Tatane pioute team'),
(78, 'Socks''2'),
(79, 'Lutèce 2'),
(80, 'Expert Lutèce 2'),
(81, 'BBG'),
(82, 'HKK'),
(83, 'The Shire''s Winners'),
(84, 'New Socks'''),
(85, 'La Mort vous va si bien'),
(86, 'Brothers & Sisters of No Mercy'),
(87, 'Foire du Troll'),
(88, 'Tatane pioute team'),
(89, 'Socks'' for ever'),
(90, 'Kamalh - Paulhoukan - Masterofchaos'),
(91, 'ACP Rules'),
(92, 'SES'),
(93, 'Mercenaires'),
(94, 'Last but not least'),
(95, 'SES'),
(96, 'GDL masters and cro '),
(97, 'GDL Mogway and co'),
(98, 'Sladmortis - Knox - Skrolk'),
(99, 'Zahiko - The Pit - Old Dwarf'),
(100, 'Nauti'' Boys de Poissy'),
(101, 'Stade Lorain &agrave; tous les &eacute;tages'),
(102, 'ACP'),
(103, 'SSB - Basurdi - Pixman'),
(104, 'QuentinPo - Funny_Valentine - Pink_Charlie'),
(105, 'Krisgob - Zorglub - Sebotouno'),
(106, 'Socks Orga'),
(107, 'Lutece Noobz'),
(108, 'Mor(dor)bihan Division'),
(109, 'JC on te fume'),
(110, 'La Socks'''),
(111, 'Les Sockettes'),
(112, 'English Menace'),
(113, 'ACP 1'),
(114, 'ACP 2'),
(115, 'Les Stinky Socks'''),
(116, 'Les experts Palerme'),
(117, 'Stade Lorain &agrave; tous les &eacute;tages'),
(118, 'Socks'' orga');

-- --------------------------------------------------------

--
-- Structure de la table `tournament_edition`
--

CREATE TABLE IF NOT EXISTS `tournament_edition` (
  `id` int(11) NOT NULL,
  `day_1` date NOT NULL,
  `day_2` date NOT NULL,
  `round_number` int(11) NOT NULL,
  `current_round` int(11) NOT NULL,
  `use_finale` tinyint(1) NOT NULL DEFAULT '1',
  `full_triplette` tinyint(4) NOT NULL DEFAULT '1',
  PRIMARY KEY (`id`)
) ENGINE=MyISAM DEFAULT CHARSET=utf8 COLLATE=utf8_unicode_ci;

--
-- Contenu de la table `tournament_edition`
--

INSERT INTO `tournament_edition` (`id`, `day_1`, `day_2`, `round_number`, `current_round`, `use_finale`, `full_triplette`) VALUES
(1, '2003-05-10', '2003-05-11', 6, 6, 1, 0),
(2, '2004-07-03', '2004-07-04', 6, 6, 1, 0),
(3, '2005-06-25', '2005-06-26', 6, 6, 1, 0),
(4, '2006-06-24', '2006-06-25', 6, 6, 1, 0),
(5, '2007-06-30', '2007-07-01', 5, 5, 1, 0),
(6, '2008-07-05', '2008-07-06', 5, 5, 1, 0),
(7, '2009-07-04', '2009-07-05', 5, 5, 1, 0),
(8, '2010-06-26', '2010-06-27', 5, 5, 1, 0),
(9, '2011-07-02', '2011-07-02', 5, 5, 1, 0),
(10, '2012-06-30', '2012-07-01', 5, 5, 1, 0),
(11, '2013-09-28', '2013-09-29', 5, 5, 0, 1),
(12, '2014-10-04', '2014-10-05', 5, 5, 0, 1);

-- --------------------------------------------------------

--
-- Structure de la table `tournament_match`
--

CREATE TABLE IF NOT EXISTS `tournament_match` (
  `id` smallint(6) unsigned NOT NULL AUTO_INCREMENT,
  `id_coach_1` smallint(6) unsigned DEFAULT '0',
  `id_coach_2` smallint(6) unsigned DEFAULT '0',
  `td_1` tinyint(3) unsigned DEFAULT '0',
  `td_2` tinyint(3) unsigned DEFAULT '0',
  `round` tinyint(3) DEFAULT '0',
  `points_1` tinyint(3) DEFAULT '0',
  `points_2` tinyint(3) DEFAULT '0',
  `casualties_1` tinyint(3) unsigned DEFAULT '0',
  `casualties_2` tinyint(3) unsigned DEFAULT '0',
  `finale` enum('true','false') CHARACTER SET latin1 NOT NULL DEFAULT 'false',
  `edition` tinyint(4) NOT NULL DEFAULT '2',
  `status` enum('programme','resume','detail') CHARACTER SET latin1 NOT NULL DEFAULT 'programme',
  `table_number` tinyint(3) unsigned NOT NULL DEFAULT '0',
  PRIMARY KEY (`id`)
) ENGINE=MyISAM  DEFAULT CHARSET=utf8 COLLATE=utf8_bin PACK_KEYS=0 AUTO_INCREMENT=2196 ;

--
-- Contenu de la table `tournament_match`
--

INSERT INTO `tournament_match` (`id`, `id_coach_1`, `id_coach_2`, `td_1`, `td_2`, `round`, `points_1`, `points_2`, `casualties_1`, `casualties_2`, `finale`, `edition`, `status`, `table_number`) VALUES
(1, 49, 34, 3, 0, 1, 5, 0, 2, 2, 'false', 1, 'resume', 0),
(2, 33, 30, 2, 1, 1, 5, 1, 4, 0, 'false', 1, 'resume', 0),
(3, 17, 23, 1, 2, 1, 1, 5, 0, 3, 'false', 1, 'resume', 0),
(4, 37, 25, 0, 1, 1, 1, 5, 0, 7, 'false', 1, 'resume', 0),
(5, 14, 6, 1, 2, 1, 1, 5, 1, 2, 'false', 1, 'resume', 0),
(6, 40, 21, 3, 1, 1, 5, 0, 4, 0, 'false', 1, 'resume', 0),
(7, 46, 8, 2, 1, 1, 5, 1, 0, 0, 'false', 1, 'resume', 0),
(8, 27, 19, 1, 1, 1, 2, 2, 1, 2, 'false', 1, 'resume', 0),
(9, 32, 5, 1, 2, 1, 1, 5, 0, 1, 'false', 1, 'resume', 0),
(10, 43, 52, 5, 2, 1, 5, 0, 1, 1, 'false', 1, 'resume', 0),
(11, 29, 2, 2, 3, 1, 1, 5, 2, 0, 'false', 1, 'resume', 0),
(12, 45, 9, 2, 0, 1, 5, 0, 2, 2, 'false', 1, 'resume', 0),
(13, 24, 44, 2, 3, 1, 1, 5, 1, 2, 'false', 1, 'resume', 0),
(14, 20, 53, 0, 2, 1, 0, 5, 1, 4, 'false', 1, 'resume', 0),
(15, 7, 13, 2, 0, 1, 5, 0, 2, 0, 'false', 1, 'resume', 0),
(16, 16, 11, 1, 0, 1, 5, 1, 1, 0, 'false', 1, 'resume', 0),
(17, 41, 26, 3, 1, 1, 5, 0, 3, 0, 'false', 1, 'resume', 0),
(18, 31, 4, 2, 1, 1, 5, 1, 1, 1, 'false', 1, 'resume', 0),
(19, 42, 47, 1, 1, 1, 2, 2, 4, 1, 'false', 1, 'resume', 0),
(20, 35, 12, 1, 1, 1, 2, 2, 1, 3, 'false', 1, 'resume', 0),
(21, 48, 38, 2, 0, 1, 5, 0, 8, 0, 'false', 1, 'resume', 0),
(22, 36, 51, 2, 2, 1, 2, 2, 1, 0, 'false', 1, 'resume', 0),
(23, 22, 18, 1, 0, 1, 5, 1, 0, 1, 'false', 1, 'resume', 0),
(24, 39, 28, 3, 2, 1, 5, 1, 2, 0, 'false', 1, 'resume', 0),
(25, 49, 43, 2, 2, 2, 2, 2, 0, 3, 'false', 1, 'resume', 0),
(26, 40, 53, 2, 1, 2, 5, 1, 1, 2, 'false', 1, 'resume', 0),
(27, 41, 48, 3, 1, 2, 5, 0, 0, 6, 'false', 1, 'resume', 0),
(28, 45, 7, 3, 1, 2, 5, 0, 0, 0, 'false', 1, 'resume', 0),
(29, 39, 44, 3, 0, 2, 5, 0, 0, 2, 'false', 1, 'resume', 0),
(30, 2, 33, 1, 2, 2, 1, 5, 1, 1, 'false', 1, 'resume', 0),
(31, 23, 6, 0, 3, 2, 0, 5, 2, 0, 'false', 1, 'resume', 0),
(32, 5, 31, 0, 1, 2, 1, 5, 2, 1, 'false', 1, 'resume', 0),
(33, 46, 25, 2, 2, 2, 2, 2, 0, 1, 'false', 1, 'resume', 0),
(34, 16, 22, 2, 0, 2, 5, 0, 1, 1, 'false', 1, 'resume', 0),
(35, 42, 12, 2, 0, 2, 5, 0, 2, 2, 'false', 1, 'resume', 0),
(36, 19, 35, 4, 0, 2, 5, 0, 5, 0, 'false', 1, 'resume', 0),
(37, 47, 51, 0, 3, 2, 0, 5, 1, 5, 'false', 1, 'resume', 0),
(38, 27, 36, 2, 1, 2, 5, 1, 2, 0, 'false', 1, 'resume', 0),
(39, 29, 24, 2, 1, 2, 5, 1, 2, 0, 'false', 1, 'resume', 0),
(40, 28, 30, 1, 3, 2, 0, 5, 5, 1, 'false', 1, 'resume', 0),
(41, 4, 14, 2, 3, 2, 1, 5, 0, 0, 'false', 1, 'resume', 0),
(42, 8, 32, 2, 0, 2, 5, 0, 0, 0, 'false', 1, 'resume', 0),
(43, 17, 18, 2, 0, 2, 5, 0, 2, 0, 'false', 1, 'resume', 0),
(44, 37, 11, 2, 2, 2, 2, 2, 1, 3, 'false', 1, 'resume', 0),
(45, 52, 26, 0, 3, 2, 0, 5, 2, 0, 'false', 1, 'resume', 0),
(46, 21, 9, 1, 1, 2, 2, 2, 1, 1, 'false', 1, 'resume', 0),
(47, 34, 20, 0, 4, 2, 0, 5, 1, 6, 'false', 1, 'resume', 0),
(48, 38, 13, 3, 1, 2, 5, 0, 0, 1, 'false', 1, 'resume', 0),
(49, 43, 19, 4, 3, 3, 5, 1, 0, 2, 'false', 1, 'resume', 0),
(50, 49, 51, 3, 1, 3, 5, 0, 1, 1, 'false', 1, 'resume', 0),
(51, 40, 16, 2, 3, 3, 1, 5, 1, 1, 'false', 1, 'resume', 0),
(52, 41, 39, 3, 3, 3, 2, 2, 0, 1, 'false', 1, 'resume', 0),
(53, 7, 48, 1, 0, 3, 5, 1, 1, 3, 'false', 1, 'resume', 0),
(54, 45, 6, 2, 0, 3, 5, 0, 0, 0, 'false', 1, 'resume', 0),
(55, 53, 30, 0, 4, 3, 0, 5, 2, 1, 'false', 1, 'resume', 0),
(56, 2, 14, 1, 2, 3, 1, 5, 1, 0, 'false', 1, 'resume', 0),
(57, 44, 23, 0, 2, 3, 0, 5, 0, 0, 'false', 1, 'resume', 0),
(58, 5, 29, 2, 1, 3, 5, 1, 2, 2, 'false', 1, 'resume', 0),
(59, 31, 33, 0, 1, 3, 1, 5, 1, 1, 'false', 1, 'resume', 0),
(60, 46, 42, 0, 2, 3, 0, 5, 2, 5, 'false', 1, 'resume', 0),
(61, 22, 38, 2, 0, 3, 5, 0, 2, 0, 'false', 1, 'resume', 0),
(62, 25, 27, 1, 2, 3, 1, 5, 1, 2, 'false', 1, 'resume', 0),
(63, 36, 11, 0, 6, 3, 0, 5, 0, 5, 'false', 1, 'resume', 0),
(64, 12, 9, 1, 1, 3, 2, 2, 2, 1, 'false', 1, 'resume', 0),
(65, 35, 47, 3, 0, 3, 5, 0, 1, 1, 'false', 1, 'resume', 0),
(66, 24, 37, 2, 2, 3, 2, 2, 2, 1, 'false', 1, 'resume', 0),
(67, 28, 13, 1, 0, 3, 5, 1, 1, 0, 'false', 1, 'resume', 0),
(68, 4, 21, 5, 1, 3, 5, 0, 1, 1, 'false', 1, 'resume', 0),
(69, 8, 17, 2, 0, 3, 5, 0, 3, 0, 'false', 1, 'resume', 0),
(70, 32, 18, 3, 2, 3, 5, 1, 0, 1, 'false', 1, 'resume', 0),
(71, 26, 20, 2, 2, 3, 2, 2, 1, 2, 'false', 1, 'resume', 0),
(72, 52, 34, 4, 2, 3, 5, 0, 2, 1, 'false', 1, 'resume', 0),
(73, 2, 26, 4, 0, 4, 5, 0, 0, 0, 'false', 1, 'resume', 0),
(74, 4, 25, 2, 1, 4, 5, 1, 0, 3, 'false', 1, 'resume', 0),
(75, 5, 6, 2, 1, 4, 5, 1, 1, 1, 'false', 1, 'resume', 0),
(76, 7, 31, 2, 0, 4, 5, 0, 3, 1, 'false', 1, 'resume', 0),
(77, 8, 30, 1, 3, 4, 0, 5, 2, 2, 'false', 1, 'resume', 0),
(78, 9, 36, 1, 1, 4, 2, 2, 2, 0, 'false', 1, 'resume', 0),
(79, 11, 19, 3, 2, 4, 5, 1, 1, 2, 'false', 1, 'resume', 0),
(80, 12, 24, 3, 2, 4, 5, 1, 2, 2, 'false', 1, 'resume', 0),
(81, 13, 18, 2, 2, 4, 2, 2, 1, 2, 'false', 1, 'resume', 0),
(82, 14, 40, 1, 5, 4, 0, 5, 1, 1, 'false', 1, 'resume', 0),
(83, 16, 45, 3, 0, 4, 5, 0, 7, 0, 'false', 1, 'resume', 0),
(84, 17, 28, 1, 2, 4, 1, 5, 0, 2, 'false', 1, 'resume', 0),
(85, 51, 20, 1, 2, 4, 1, 5, 1, 1, 'false', 1, 'resume', 0),
(86, 21, 47, 3, 2, 4, 5, 1, 1, 1, 'false', 1, 'resume', 0),
(87, 22, 23, 1, 0, 4, 5, 1, 0, 0, 'false', 1, 'resume', 0),
(88, 27, 39, 1, 0, 4, 5, 1, 1, 1, 'false', 1, 'resume', 0),
(89, 29, 46, 2, 1, 4, 5, 1, 2, 1, 'false', 1, 'resume', 0),
(90, 32, 53, 0, 2, 4, 0, 5, 0, 4, 'false', 1, 'resume', 0),
(91, 33, 43, 0, 1, 4, 1, 5, 3, 0, 'false', 1, 'resume', 0),
(92, 34, 50, 1, 3, 4, 0, 5, 1, 4, 'false', 1, 'resume', 0),
(93, 35, 48, 4, 2, 4, 5, 0, 0, 0, 'false', 1, 'resume', 0),
(94, 37, 38, 1, 1, 4, 2, 2, 0, 2, 'false', 1, 'resume', 0),
(95, 41, 42, 1, 2, 4, 1, 5, 2, 3, 'false', 1, 'resume', 0),
(96, 44, 52, 2, 1, 4, 5, 1, 1, 0, 'false', 1, 'resume', 0),
(97, 2, 39, 1, 3, 5, 0, 5, 1, 2, 'false', 1, 'resume', 0),
(98, 4, 41, 3, 2, 5, 5, 1, 3, 3, 'false', 1, 'resume', 0),
(99, 5, 33, 0, 2, 5, 0, 5, 2, 2, 'false', 1, 'resume', 0),
(100, 6, 29, 2, 1, 5, 5, 1, 3, 4, 'false', 1, 'resume', 0),
(101, 7, 11, 2, 2, 5, 2, 2, 3, 2, 'false', 1, 'resume', 0),
(102, 8, 28, 1, 0, 5, 5, 1, 0, 0, 'false', 1, 'resume', 0),
(103, 9, 32, 1, 0, 5, 5, 1, 1, 1, 'false', 1, 'resume', 0),
(104, 12, 25, 1, 1, 5, 2, 2, 1, 2, 'false', 1, 'resume', 0),
(105, 13, 47, 2, 2, 5, 2, 2, 3, 2, 'false', 1, 'resume', 0),
(106, 14, 31, 2, 1, 5, 5, 1, 1, 1, 'false', 1, 'resume', 0),
(107, 16, 43, 1, 1, 5, 2, 2, 2, 1, 'false', 1, 'resume', 0),
(108, 17, 37, 1, 1, 5, 2, 2, 3, 0, 'false', 1, 'resume', 0),
(109, 18, 34, 5, 1, 5, 5, 0, 1, 0, 'false', 1, 'resume', 0),
(110, 19, 44, 1, 2, 5, 1, 5, 2, 1, 'false', 1, 'resume', 0),
(111, 20, 35, 2, 2, 5, 2, 2, 3, 0, 'false', 1, 'resume', 0),
(112, 21, 48, 1, 3, 5, 0, 5, 0, 1, 'false', 1, 'resume', 0),
(113, 22, 45, 2, 0, 5, 5, 0, 2, 1, 'false', 1, 'resume', 0),
(114, 23, 53, 1, 2, 5, 1, 5, 0, 1, 'false', 1, 'resume', 0),
(115, 24, 36, 2, 2, 5, 2, 2, 0, 3, 'false', 1, 'resume', 0),
(116, 26, 38, 1, 1, 5, 2, 2, 0, 0, 'false', 1, 'resume', 0),
(117, 27, 42, 2, 0, 5, 5, 0, 6, 0, 'false', 1, 'resume', 0),
(118, 30, 40, 2, 1, 5, 5, 1, 5, 0, 'false', 1, 'resume', 0),
(119, 46, 51, 1, 2, 5, 1, 5, 0, 4, 'false', 1, 'resume', 0),
(120, 2, 28, 3, 1, 6, 5, 0, 0, 0, 'false', 1, 'resume', 0),
(121, 4, 42, 1, 2, 6, 1, 5, 1, 2, 'false', 1, 'resume', 0),
(122, 5, 8, 3, 0, 6, 5, 0, 2, 1, 'false', 1, 'resume', 0),
(123, 6, 11, 2, 0, 6, 5, 0, 2, 4, 'false', 1, 'resume', 0),
(124, 7, 53, 0, 1, 6, 1, 5, 0, 0, 'false', 1, 'resume', 0),
(125, 9, 18, 2, 2, 6, 2, 2, 2, 1, 'false', 1, 'resume', 0),
(126, 12, 19, 3, 0, 6, 5, 0, 3, 0, 'false', 1, 'resume', 0),
(127, 13, 36, 1, 3, 6, 0, 5, 0, 2, 'false', 1, 'resume', 0),
(128, 14, 45, 1, 2, 6, 1, 5, 3, 1, 'false', 1, 'resume', 0),
(129, 16, 27, 0, 2, 6, 0, 5, 2, 1, 'true', 1, 'resume', 0),
(130, 17, 38, 1, 1, 6, 2, 2, 1, 2, 'false', 1, 'resume', 0),
(131, 20, 44, 2, 0, 6, 5, 0, 2, 0, 'false', 1, 'resume', 0),
(132, 21, 32, 3, 2, 6, 5, 1, 0, 1, 'false', 1, 'resume', 0),
(133, 22, 30, 2, 1, 6, 5, 1, 3, 0, 'false', 1, 'resume', 0),
(134, 23, 25, 2, 1, 6, 5, 1, 3, 1, 'false', 1, 'resume', 0),
(135, 24, 46, 1, 2, 6, 1, 5, 0, 2, 'false', 1, 'resume', 0),
(136, 26, 37, 1, 2, 6, 1, 5, 2, 2, 'false', 1, 'resume', 0),
(137, 29, 51, 1, 1, 6, 2, 2, 2, 2, 'false', 1, 'resume', 0),
(138, 31, 48, 0, 2, 6, 0, 5, 1, 1, 'false', 1, 'resume', 0),
(139, 33, 39, 2, 1, 6, 5, 1, 0, 1, 'false', 1, 'resume', 0),
(140, 34, 47, 1, 2, 6, 1, 5, 0, 3, 'false', 1, 'resume', 0),
(141, 35, 41, 4, 2, 6, 5, 0, 1, 5, 'false', 1, 'resume', 0),
(142, 40, 43, 2, 1, 6, 5, 1, 2, 2, 'false', 1, 'resume', 0),
(144, 62, 133, 1, 0, 1, 5, 1, 2, 1, 'false', 2, 'detail', 1),
(145, 67, 89, 1, 2, 1, 1, 5, 0, 0, 'false', 2, 'detail', 30),
(146, 78, 103, 0, 0, 1, 3, 3, 0, 5, 'false', 2, 'detail', 32),
(148, 105, 100, 1, 1, 1, 3, 3, 3, 1, 'false', 2, 'detail', 6),
(149, 98, 79, 1, 2, 1, 1, 5, 0, 4, 'false', 2, 'detail', 2),
(150, 110, 91, 3, 0, 1, 5, 0, 3, 2, 'false', 2, 'detail', 7),
(151, 92, 84, 5, 0, 1, 5, 0, 6, 0, 'false', 2, 'detail', 11),
(152, 82, 121, 1, 2, 1, 1, 5, 1, 4, 'false', 2, 'detail', 20),
(153, 107, 88, 1, 1, 1, 3, 3, 1, 0, 'false', 2, 'detail', 12),
(154, 61, 131, 2, 1, 1, 5, 1, 2, 1, 'false', 2, 'detail', 29),
(155, 117, 135, 1, 1, 1, 3, 3, 4, 0, 'false', 2, 'detail', 8),
(156, 102, 129, 2, 2, 1, 3, 3, 1, 1, 'false', 2, 'detail', 38),
(157, 113, 108, 1, 1, 1, 3, 3, 1, 2, 'false', 2, 'detail', 16),
(158, 138, 99, 2, 2, 1, 3, 3, 6, 3, 'false', 2, 'detail', 39),
(160, 81, 126, 2, 4, 1, 0, 5, 0, 1, 'false', 2, 'detail', 31),
(161, 71, 116, 1, 3, 1, 0, 5, 3, 4, 'false', 2, 'detail', 24),
(162, 137, 70, 3, 0, 1, 5, 0, 1, 2, 'false', 2, 'detail', 36),
(163, 119, 63, 3, 0, 1, 5, 0, 2, 2, 'false', 2, 'detail', 3),
(164, 93, 68, 1, 4, 1, 0, 5, 2, 1, 'false', 2, 'detail', 4),
(165, 56, 125, 1, 1, 1, 3, 3, 0, 1, 'false', 2, 'detail', 42),
(166, 95, 104, 3, 2, 1, 5, 1, 2, 0, 'false', 2, 'detail', 22),
(167, 127, 77, 1, 1, 1, 3, 3, 1, 1, 'false', 2, 'detail', 33),
(168, 85, 60, 2, 1, 1, 5, 1, 2, 1, 'false', 2, 'detail', 40),
(169, 69, 94, 2, 4, 1, 0, 5, 0, 1, 'false', 2, 'detail', 25),
(171, 75, 90, 1, 2, 1, 1, 5, 0, 2, 'false', 2, 'detail', 26),
(172, 112, 123, 3, 1, 1, 5, 0, 2, 2, 'false', 2, 'detail', 17),
(173, 128, 136, 1, 1, 1, 3, 3, 2, 2, 'false', 2, 'detail', 13),
(174, 66, 132, 3, 1, 1, 5, 0, 1, 0, 'false', 2, 'detail', 15),
(175, 57, 80, 2, 3, 1, 1, 5, 0, 2, 'false', 2, 'detail', 23),
(176, 83, 101, 1, 0, 1, 5, 1, 4, 2, 'false', 2, 'detail', 41),
(178, 58, 97, 2, 3, 1, 1, 5, 2, 2, 'false', 2, 'detail', 9),
(179, 124, 122, 4, 2, 1, 5, 0, 1, 4, 'false', 2, 'detail', 10),
(180, 106, 118, 2, 0, 1, 5, 0, 1, 0, 'false', 2, 'detail', 5),
(181, 65, 76, 3, 4, 1, 1, 5, 1, 1, 'false', 2, 'detail', 28),
(182, 55, 109, 1, 2, 1, 1, 5, 1, 3, 'false', 2, 'detail', 18),
(183, 74, 111, 1, 1, 1, 3, 3, 1, 1, 'false', 2, 'detail', 21),
(184, 64, 96, 2, 1, 1, 5, 1, 0, 2, 'false', 2, 'detail', 27),
(185, 86, 59, 2, 3, 1, 1, 5, 1, 2, 'false', 2, 'detail', 14),
(186, 72, 114, 3, 3, 1, 3, 3, 1, 3, 'false', 2, 'detail', 19),
(187, 54, 120, 5, 2, 1, 5, 0, 2, 1, 'false', 2, 'detail', 37),
(188, 87, 139, 1, 4, 1, 0, 5, 4, 1, 'false', 2, 'detail', 35),
(189, 134, 73, 4, 1, 1, 5, 0, 4, 0, 'false', 2, 'detail', 34),
(190, 85, 83, 0, 0, 2, 3, 3, 1, 0, 'false', 2, 'detail', 1),
(191, 80, 79, 2, 2, 2, 3, 3, 1, 3, 'false', 2, 'detail', 2),
(192, 89, 90, 2, 0, 2, 5, 0, 3, 1, 'false', 2, 'detail', 3),
(193, 121, 109, 1, 0, 2, 5, 1, 4, 2, 'false', 2, 'detail', 4),
(194, 97, 76, 4, 3, 2, 5, 1, 1, 2, 'false', 2, 'detail', 5),
(195, 95, 61, 2, 3, 2, 1, 5, 1, 1, 'false', 2, 'detail', 6),
(196, 59, 64, 1, 2, 2, 1, 5, 2, 3, 'false', 2, 'detail', 7),
(197, 62, 92, 2, 0, 2, 5, 0, 4, 0, 'false', 2, 'detail', 8),
(198, 134, 139, 3, 3, 2, 3, 3, 4, 1, 'false', 2, 'detail', 9),
(199, 119, 116, 1, 1, 2, 3, 3, 3, 3, 'false', 2, 'detail', 10),
(200, 110, 68, 4, 1, 2, 5, 0, 2, 1, 'false', 2, 'detail', 11),
(201, 137, 54, 1, 2, 2, 1, 5, 1, 1, 'false', 2, 'detail', 12),
(202, 106, 66, 2, 1, 2, 5, 1, 4, 1, 'false', 2, 'detail', 13),
(203, 94, 126, 3, 4, 2, 1, 5, 2, 2, 'false', 2, 'detail', 14),
(204, 112, 124, 0, 3, 2, 0, 5, 0, 2, 'false', 2, 'detail', 15),
(205, 114, 117, 3, 1, 2, 5, 0, 0, 1, 'false', 2, 'detail', 16),
(206, 102, 107, 0, 1, 2, 1, 5, 1, 1, 'false', 2, 'detail', 17),
(207, 108, 56, 4, 0, 2, 5, 0, 4, 3, 'false', 2, 'detail', 18),
(208, 105, 103, 1, 0, 2, 5, 1, 0, 1, 'false', 2, 'detail', 19),
(209, 100, 113, 2, 2, 2, 3, 3, 1, 1, 'false', 2, 'detail', 20),
(210, 99, 125, 2, 2, 2, 3, 3, 0, 2, 'false', 2, 'detail', 21),
(211, 72, 74, 3, 0, 2, 5, 0, 0, 0, 'false', 2, 'detail', 22),
(212, 135, 136, 1, 0, 2, 5, 1, 0, 2, 'false', 2, 'detail', 23),
(213, 138, 77, 0, 3, 2, 0, 5, 0, 4, 'false', 2, 'detail', 24),
(214, 78, 127, 1, 2, 2, 1, 5, 2, 4, 'false', 2, 'detail', 25),
(215, 111, 88, 1, 1, 2, 3, 3, 1, 1, 'false', 2, 'detail', 26),
(216, 128, 129, 1, 4, 2, 0, 5, 6, 1, 'false', 2, 'detail', 27),
(217, 131, 133, 0, 1, 2, 1, 5, 0, 0, 'false', 2, 'detail', 28),
(218, 55, 101, 0, 1, 2, 1, 5, 0, 2, 'false', 2, 'detail', 29),
(219, 75, 60, 1, 2, 2, 1, 5, 3, 1, 'false', 2, 'detail', 30),
(220, 86, 58, 2, 3, 2, 1, 5, 3, 3, 'false', 2, 'detail', 31),
(221, 82, 67, 0, 2, 2, 0, 5, 1, 4, 'false', 2, 'detail', 32),
(222, 98, 65, 2, 1, 2, 5, 1, 2, 0, 'false', 2, 'detail', 33),
(223, 57, 96, 2, 2, 2, 3, 3, 2, 2, 'false', 2, 'detail', 34),
(224, 104, 132, 3, 1, 2, 5, 0, 1, 2, 'false', 2, 'detail', 35),
(225, 71, 69, 3, 2, 2, 5, 1, 3, 7, 'false', 2, 'detail', 36),
(226, 122, 70, 1, 2, 2, 1, 5, 0, 4, 'false', 2, 'detail', 37),
(227, 63, 73, 3, 1, 2, 5, 0, 4, 1, 'false', 2, 'detail', 38),
(228, 87, 123, 0, 3, 2, 0, 5, 1, 0, 'false', 2, 'detail', 39),
(229, 93, 118, 1, 0, 2, 5, 1, 4, 0, 'false', 2, 'detail', 40),
(230, 120, 91, 0, 2, 2, 0, 5, 0, 1, 'false', 2, 'detail', 41),
(231, 81, 84, 0, 6, 2, 0, 5, 0, 2, 'false', 2, 'detail', 42),
(256, 97, 89, 1, 2, 3, 1, 5, 0, 0, 'false', 2, 'detail', 1),
(257, 62, 110, 1, 1, 3, 3, 3, 2, 0, 'false', 2, 'detail', 2),
(258, 64, 61, 1, 1, 3, 3, 3, 0, 3, 'false', 2, 'detail', 3),
(259, 106, 121, 2, 0, 3, 5, 0, 1, 1, 'false', 2, 'detail', 4),
(260, 124, 54, 4, 3, 3, 5, 1, 1, 0, 'false', 2, 'detail', 5),
(261, 126, 83, 3, 1, 3, 5, 0, 0, 1, 'false', 2, 'detail', 6),
(262, 85, 79, 1, 1, 3, 3, 3, 1, 2, 'false', 2, 'detail', 7),
(263, 116, 80, 2, 4, 3, 0, 5, 1, 2, 'false', 2, 'detail', 8),
(264, 119, 127, 1, 3, 3, 0, 5, 0, 4, 'false', 2, 'detail', 9),
(265, 77, 72, 3, 3, 3, 3, 3, 5, 0, 'false', 2, 'detail', 10),
(266, 114, 105, 0, 1, 3, 1, 5, 0, 1, 'false', 2, 'detail', 11),
(267, 107, 108, 1, 1, 3, 3, 3, 1, 2, 'false', 2, 'detail', 12),
(268, 134, 129, 5, 2, 3, 5, 0, 4, 3, 'false', 2, 'detail', 13),
(269, 139, 135, 4, 2, 3, 5, 0, 2, 1, 'false', 2, 'detail', 14),
(270, 95, 137, 1, 2, 3, 1, 5, 1, 4, 'false', 2, 'detail', 15),
(271, 100, 88, 2, 0, 3, 5, 0, 1, 1, 'false', 2, 'detail', 16),
(272, 113, 76, 2, 3, 3, 1, 5, 2, 0, 'false', 2, 'detail', 17),
(273, 59, 109, 1, 1, 3, 3, 3, 0, 2, 'false', 2, 'detail', 18),
(274, 133, 58, 2, 1, 3, 5, 1, 3, 3, 'false', 2, 'detail', 19),
(275, 67, 94, 2, 4, 3, 0, 5, 5, 0, 'false', 2, 'detail', 20),
(276, 66, 98, 1, 1, 3, 3, 3, 0, 0, 'false', 2, 'detail', 21),
(277, 101, 60, 0, 3, 3, 0, 5, 3, 1, 'false', 2, 'detail', 22),
(278, 125, 111, 1, 1, 3, 3, 3, 2, 0, 'false', 2, 'detail', 23),
(279, 99, 104, 2, 3, 3, 1, 5, 3, 3, 'false', 2, 'detail', 24),
(280, 92, 68, 3, 0, 3, 5, 0, 2, 0, 'false', 2, 'detail', 25),
(281, 112, 90, 2, 2, 3, 3, 3, 0, 4, 'false', 2, 'detail', 26),
(282, 91, 71, 2, 0, 3, 5, 0, 5, 1, 'false', 2, 'detail', 27),
(283, 63, 70, 3, 0, 3, 5, 0, 0, 1, 'false', 2, 'detail', 28),
(284, 93, 123, 1, 2, 3, 1, 5, 4, 2, 'false', 2, 'detail', 29),
(285, 84, 102, 3, 2, 3, 5, 1, 0, 6, 'false', 2, 'detail', 30),
(286, 96, 78, 2, 1, 3, 5, 1, 5, 0, 'false', 2, 'detail', 31),
(287, 57, 103, 2, 1, 3, 5, 1, 1, 4, 'false', 2, 'detail', 32),
(288, 136, 117, 2, 1, 3, 5, 1, 1, 1, 'false', 2, 'detail', 33),
(289, 138, 56, 6, 1, 3, 5, 0, 3, 2, 'false', 2, 'detail', 34),
(290, 74, 128, 2, 1, 3, 5, 1, 0, 1, 'false', 2, 'detail', 35),
(291, 131, 55, 2, 2, 3, 3, 3, 1, 1, 'false', 2, 'detail', 36),
(292, 86, 65, 2, 4, 3, 0, 5, 4, 0, 'false', 2, 'detail', 37),
(293, 75, 82, 1, 2, 3, 1, 5, 0, 3, 'false', 2, 'detail', 38),
(294, 118, 122, 1, 2, 3, 1, 5, 1, 1, 'false', 2, 'detail', 39),
(295, 69, 120, 2, 0, 3, 5, 0, 0, 0, 'false', 2, 'detail', 40),
(296, 81, 87, 1, 2, 3, 1, 5, 0, 1, 'false', 2, 'detail', 41),
(297, 73, 132, 3, 3, 3, 3, 3, 4, 2, 'false', 2, 'detail', 42),
(298, 124, 89, 5, 0, 4, 5, 0, 2, 4, 'false', 2, 'detail', 1),
(299, 106, 126, 3, 0, 4, 5, 0, 1, 1, 'false', 2, 'detail', 2),
(300, 62, 64, 0, 1, 4, 1, 5, 0, 0, 'false', 2, 'detail', 3),
(301, 110, 80, 2, 3, 4, 1, 5, 3, 2, 'false', 2, 'detail', 4),
(336, 56, 73, 6, 1, 4, 5, 0, 3, 2, 'false', 2, 'detail', 39),
(337, 75, 132, 0, 0, 4, 3, 3, 3, 1, 'false', 2, 'detail', 40),
(338, 118, 86, 0, 4, 4, 0, 5, 0, 1, 'false', 2, 'detail', 41),
(339, 81, 120, 3, 2, 4, 5, 1, 3, 1, 'false', 2, 'detail', 42),
(340, 139, 61, 1, 1, 4, 3, 3, 2, 2, 'false', 2, 'detail', 5),
(341, 105, 134, 2, 1, 4, 5, 1, 1, 0, 'false', 2, 'detail', 6),
(342, 127, 97, 2, 1, 4, 5, 1, 2, 0, 'false', 2, 'detail', 7),
(343, 79, 77, 0, 1, 4, 1, 5, 3, 1, 'false', 2, 'detail', 8),
(344, 85, 94, 0, 2, 4, 0, 5, 1, 1, 'false', 2, 'detail', 9),
(345, 54, 100, 3, 0, 4, 5, 0, 0, 2, 'false', 2, 'detail', 10),
(346, 76, 133, 1, 2, 4, 1, 5, 2, 2, 'false', 2, 'detail', 11),
(347, 72, 137, 3, 1, 4, 5, 0, 0, 1, 'false', 2, 'detail', 12),
(348, 107, 60, 1, 3, 4, 0, 5, 0, 1, 'false', 2, 'detail', 13),
(349, 108, 104, 2, 3, 4, 1, 5, 1, 4, 'false', 2, 'detail', 14),
(350, 121, 92, 1, 3, 4, 0, 5, 1, 3, 'false', 2, 'detail', 15),
(351, 123, 91, 1, 1, 4, 3, 3, 0, 5, 'false', 2, 'detail', 16),
(352, 84, 63, 5, 1, 4, 5, 0, 0, 3, 'false', 2, 'detail', 17),
(353, 114, 66, 1, 2, 4, 1, 5, 1, 0, 'false', 2, 'detail', 18),
(354, 98, 96, 2, 0, 4, 5, 0, 1, 1, 'false', 2, 'detail', 19),
(355, 57, 59, 2, 5, 4, 0, 5, 3, 3, 'false', 2, 'detail', 20),
(356, 109, 136, 1, 0, 4, 5, 1, 4, 2, 'false', 2, 'detail', 21),
(357, 111, 112, 0, 2, 4, 0, 5, 0, 0, 'false', 2, 'detail', 22),
(358, 125, 83, 0, 2, 4, 0, 5, 2, 0, 'false', 2, 'detail', 23),
(359, 119, 90, 2, 1, 4, 5, 1, 1, 1, 'false', 2, 'detail', 24),
(360, 129, 116, 3, 4, 4, 1, 5, 0, 4, 'false', 2, 'detail', 25),
(361, 135, 138, 1, 1, 4, 3, 3, 2, 4, 'false', 2, 'detail', 26),
(363, 113, 99, 2, 6, 4, 0, 5, 0, 4, 'false', 2, 'detail', 28),
(364, 58, 65, 0, 4, 4, 0, 5, 2, 3, 'false', 2, 'detail', 29),
(365, 67, 88, 2, 1, 4, 5, 1, 1, 1, 'false', 2, 'detail', 30),
(366, 101, 122, 0, 1, 4, 1, 5, 6, 2, 'false', 2, 'detail', 31),
(367, 82, 93, 0, 2, 4, 0, 5, 0, 1, 'false', 2, 'detail', 32),
(368, 69, 102, 2, 2, 4, 3, 3, 1, 1, 'false', 2, 'detail', 33),
(369, 131, 68, 0, 3, 4, 0, 5, 1, 1, 'false', 2, 'detail', 34),
(370, 103, 70, 2, 0, 4, 5, 0, 2, 2, 'false', 2, 'detail', 35),
(371, 78, 71, 4, 2, 4, 5, 0, 0, 3, 'false', 2, 'detail', 36),
(372, 87, 55, 0, 1, 4, 1, 5, 0, 2, 'false', 2, 'detail', 37),
(374, 74, 95, 3, 1, 4, 5, 0, 0, 0, 'false', 2, 'detail', 27),
(375, 128, 117, 2, 0, 4, 5, 0, 6, 0, 'false', 2, 'detail', 38),
(376, 124, 106, 3, 0, 5, 5, 0, 4, 3, 'false', 2, 'detail', 1),
(377, 64, 127, 1, 2, 5, 1, 5, 2, 1, 'false', 2, 'detail', 2),
(378, 80, 105, 2, 2, 5, 3, 3, 1, 1, 'false', 2, 'detail', 3),
(379, 77, 139, 1, 1, 5, 3, 3, 3, 1, 'false', 2, 'detail', 4),
(380, 72, 94, 3, 4, 5, 1, 5, 1, 4, 'false', 2, 'detail', 5),
(381, 61, 54, 2, 1, 5, 5, 1, 4, 0, 'false', 2, 'detail', 6),
(382, 133, 104, 1, 2, 5, 1, 5, 0, 1, 'false', 2, 'detail', 7),
(383, 60, 126, 1, 0, 5, 5, 1, 2, 0, 'false', 2, 'detail', 8),
(384, 89, 92, 1, 0, 5, 5, 1, 3, 2, 'false', 2, 'detail', 9),
(385, 84, 62, 2, 3, 5, 1, 5, 0, 2, 'false', 2, 'detail', 10),
(386, 110, 66, 5, 1, 5, 5, 0, 1, 1, 'false', 2, 'detail', 11),
(387, 59, 98, 1, 1, 5, 3, 3, 1, 3, 'false', 2, 'detail', 12),
(388, 134, 109, 1, 2, 5, 1, 5, 1, 3, 'false', 2, 'detail', 13),
(389, 112, 119, 0, 3, 5, 0, 5, 2, 3, 'false', 2, 'detail', 14),
(390, 116, 123, 0, 1, 5, 1, 5, 0, 0, 'false', 2, 'detail', 15),
(391, 83, 74, 0, 0, 5, 3, 3, 2, 0, 'false', 2, 'detail', 16),
(392, 91, 79, 2, 1, 5, 5, 1, 1, 5, 'false', 2, 'detail', 17),
(393, 97, 99, 3, 4, 5, 1, 5, 0, 4, 'false', 2, 'detail', 18),
(394, 76, 108, 2, 3, 5, 1, 5, 1, 1, 'false', 2, 'detail', 19),
(395, 65, 85, 1, 1, 5, 3, 3, 1, 2, 'false', 2, 'detail', 20),
(396, 100, 138, 2, 3, 5, 1, 5, 0, 1, 'false', 2, 'detail', 21),
(397, 67, 137, 2, 3, 5, 1, 5, 3, 1, 'false', 2, 'detail', 22),
(398, 107, 135, 1, 2, 5, 1, 5, 1, 1, 'false', 2, 'detail', 23),
(399, 122, 93, 3, 0, 5, 5, 0, 1, 0, 'false', 2, 'detail', 24),
(400, 121, 114, 2, 1, 5, 5, 1, 4, 2, 'false', 2, 'detail', 25),
(401, 68, 103, 2, 2, 5, 3, 3, 1, 1, 'false', 2, 'detail', 26),
(402, 78, 136, 1, 2, 5, 1, 5, 7, 2, 'false', 2, 'detail', 27),
(403, 63, 55, 2, 0, 5, 5, 0, 1, 2, 'false', 2, 'detail', 28),
(404, 96, 90, 0, 2, 5, 0, 5, 1, 0, 'false', 2, 'detail', 29),
(405, 57, 129, 4, 4, 5, 3, 3, 1, 0, 'false', 2, 'detail', 30),
(406, 125, 128, 0, 2, 5, 0, 5, 1, 1, 'false', 2, 'detail', 31),
(407, 111, 69, 0, 3, 5, 0, 5, 2, 1, 'false', 2, 'detail', 32),
(408, 102, 56, 2, 1, 5, 5, 1, 1, 0, 'false', 2, 'detail', 33),
(409, 95, 101, 2, 2, 5, 3, 3, 0, 3, 'false', 2, 'detail', 34),
(410, 113, 58, 2, 0, 5, 5, 0, 0, 1, 'false', 2, 'detail', 35),
(411, 88, 86, 3, 2, 5, 5, 1, 5, 1, 'false', 2, 'detail', 36),
(412, 87, 132, 1, 2, 5, 1, 5, 0, 0, 'false', 2, 'detail', 37),
(413, 82, 81, 1, 2, 5, 1, 5, 1, 4, 'false', 2, 'detail', 38),
(414, 75, 131, 3, 2, 5, 5, 1, 1, 1, 'false', 2, 'detail', 39),
(415, 71, 70, 1, 3, 5, 0, 5, 1, 1, 'false', 2, 'detail', 40),
(416, 117, 73, 0, 2, 5, 0, 5, 0, 0, 'false', 2, 'detail', 41),
(417, 118, 120, 2, 1, 5, 5, 1, 2, 1, 'false', 2, 'detail', 42),
(418, 124, 127, 1, 0, 6, 5, 1, 0, 0, 'true', 2, 'resume', 1),
(419, 80, 94, 0, 3, 6, 0, 5, 1, 2, 'false', 2, 'resume', 2),
(420, 104, 105, 2, 1, 6, 5, 1, 4, 0, 'false', 2, 'resume', 3),
(421, 61, 60, 2, 2, 6, 3, 3, 2, 2, 'false', 2, 'resume', 4),
(422, 89, 106, 0, 4, 6, 0, 5, 0, 2, 'false', 2, 'resume', 5),
(423, 64, 77, 1, 2, 6, 1, 5, 2, 2, 'false', 2, 'resume', 6),
(424, 62, 139, 2, 1, 6, 5, 1, 2, 0, 'false', 2, 'resume', 7),
(425, 110, 109, 1, 0, 6, 5, 1, 2, 1, 'false', 2, 'resume', 8),
(428, 54, 59, 2, 7, 6, 0, 5, 0, 4, 'false', 2, 'resume', 11),
(429, 99, 98, 0, 1, 6, 1, 5, 0, 1, 'false', 2, 'resume', 12),
(430, 108, 133, 3, 0, 6, 5, 0, 2, 2, 'false', 2, 'resume', 13),
(431, 126, 92, 0, 6, 6, 0, 5, 0, 4, 'false', 2, 'resume', 14),
(432, 84, 138, 1, 5, 6, 0, 5, 0, 3, 'false', 2, 'resume', 15),
(433, 137, 74, 0, 1, 6, 1, 5, 0, 3, 'false', 2, 'resume', 16),
(434, 135, 83, 1, 0, 6, 5, 1, 1, 3, 'false', 2, 'resume', 17),
(435, 122, 134, 0, 3, 6, 0, 5, 2, 2, 'false', 2, 'resume', 18),
(436, 121, 136, 0, 0, 6, 0, 0, 0, 0, 'false', 2, 'programme', 19),
(437, 63, 65, 1, 3, 6, 0, 5, 1, 1, 'false', 2, 'resume', 20),
(438, 85, 66, 1, 1, 6, 3, 3, 1, 2, 'false', 2, 'resume', 21),
(439, 116, 90, 4, 0, 6, 5, 0, 0, 1, 'false', 2, 'resume', 22),
(440, 128, 69, 0, 2, 6, 0, 5, 3, 4, 'false', 2, 'resume', 23),
(441, 79, 112, 1, 0, 6, 5, 1, 3, 1, 'false', 2, 'resume', 24),
(442, 97, 103, 2, 1, 6, 5, 1, 1, 5, 'false', 2, 'resume', 25),
(443, 76, 68, 4, 3, 6, 5, 1, 1, 1, 'false', 2, 'resume', 26),
(444, 102, 100, 0, 3, 6, 0, 5, 0, 3, 'false', 2, 'resume', 27),
(445, 107, 67, 3, 2, 6, 5, 1, 0, 1, 'false', 2, 'resume', 28),
(446, 57, 113, 3, 3, 6, 3, 3, 0, 0, 'false', 2, 'resume', 29),
(447, 129, 88, 3, 0, 6, 5, 0, 1, 0, 'false', 2, 'resume', 30),
(448, 114, 78, 0, 2, 6, 0, 5, 0, 0, 'false', 2, 'resume', 31),
(449, 93, 132, 2, 0, 6, 5, 0, 2, 0, 'false', 2, 'resume', 32),
(450, 75, 81, 1, 2, 6, 1, 5, 1, 3, 'false', 2, 'resume', 33),
(451, 95, 70, 3, 2, 6, 5, 1, 0, 3, 'false', 2, 'detail', 34),
(452, 101, 96, 1, 2, 6, 1, 5, 1, 1, 'false', 2, 'resume', 35),
(453, 55, 125, 1, 0, 6, 5, 1, 2, 1, 'false', 2, 'resume', 36),
(454, 111, 56, 2, 1, 6, 5, 1, 2, 1, 'false', 2, 'resume', 37),
(455, 86, 73, 3, 2, 6, 5, 1, 2, 0, 'false', 2, 'detail', 38),
(457, 82, 118, 4, 2, 6, 5, 0, 1, 3, 'false', 2, 'resume', 40),
(458, 131, 71, 2, 4, 6, 0, 5, 1, 2, 'false', 2, 'resume', 41),
(460, 72, 123, 3, 2, 6, 5, 1, 0, 7, 'false', 2, 'resume', 9),
(461, 119, 91, 2, 0, 6, 5, 0, 0, 1, 'false', 2, 'resume', 10),
(462, 58, 120, 3, 0, 6, 5, 0, 5, 0, 'false', 2, 'detail', 39),
(463, 167, 175, 3, 0, 1, 5, 0, 4, 2, 'false', 3, 'detail', 4),
(464, 168, 185, 1, 0, 1, 5, 1, 0, 2, 'false', 3, 'detail', 14),
(465, 178, 176, 1, 3, 1, 0, 5, 1, 1, 'false', 3, 'detail', 3),
(466, 161, 165, 1, 1, 1, 3, 3, 0, 2, 'false', 3, 'detail', 10),
(467, 155, 184, 7, 2, 1, 5, 0, 0, 1, 'false', 3, 'detail', 25),
(468, 173, 151, 1, 1, 1, 3, 3, 2, 2, 'false', 3, 'detail', 7),
(469, 169, 144, 1, 4, 1, 0, 5, 0, 5, 'false', 3, 'detail', 21),
(470, 188, 174, 1, 2, 1, 1, 5, 3, 3, 'false', 3, 'detail', 2),
(471, 171, 179, 1, 1, 1, 3, 3, 1, 4, 'false', 3, 'detail', 6),
(472, 182, 181, 0, 2, 1, 0, 5, 0, 2, 'false', 3, 'detail', 8),
(473, 183, 170, 3, 3, 1, 3, 3, 0, 1, 'false', 3, 'detail', 9),
(474, 152, 162, 2, 2, 1, 3, 3, 0, 0, 'false', 3, 'detail', 29),
(475, 172, 198, 1, 2, 1, 1, 5, 1, 2, 'false', 3, 'detail', 20),
(476, 147, 141, 2, 0, 1, 5, 0, 2, 0, 'false', 3, 'detail', 32),
(477, 194, 154, 2, 5, 1, 0, 5, 0, 3, 'false', 3, 'detail', 30),
(478, 142, 192, 2, 0, 1, 5, 0, 3, 0, 'false', 3, 'detail', 16),
(479, 195, 148, 1, 1, 1, 3, 3, 0, 0, 'false', 3, 'detail', 12),
(480, 150, 191, 2, 0, 1, 5, 0, 1, 4, 'false', 3, 'detail', 19),
(481, 156, 206, 2, 0, 1, 5, 0, 1, 0, 'false', 3, 'detail', 24),
(482, 186, 189, 1, 3, 1, 0, 5, 1, 0, 'false', 3, 'detail', 33),
(483, 207, 203, 2, 1, 1, 5, 1, 6, 0, 'false', 3, 'detail', 11),
(484, 201, 177, 1, 2, 1, 1, 5, 5, 0, 'false', 3, 'detail', 5),
(485, 166, 200, 1, 4, 1, 0, 5, 2, 0, 'false', 3, 'resume', 1),
(486, 199, 187, 2, 0, 1, 5, 0, 2, 1, 'false', 3, 'detail', 13),
(487, 208, 143, 1, 1, 1, 3, 3, 0, 1, 'false', 3, 'detail', 17),
(488, 164, 180, 1, 2, 1, 1, 5, 3, 1, 'false', 3, 'detail', 27),
(489, 153, 209, 1, 0, 1, 5, 1, 1, 2, 'false', 3, 'detail', 15),
(491, 204, 145, 1, 5, 1, 0, 5, 0, 3, 'false', 3, 'detail', 26),
(492, 202, 190, 1, 0, 1, 5, 1, 2, 0, 'false', 3, 'detail', 31),
(493, 197, 193, 2, 2, 1, 3, 3, 4, 2, 'false', 3, 'detail', 22),
(494, 159, 196, 0, 2, 1, 0, 5, 1, 2, 'false', 3, 'detail', 18),
(495, 205, 140, 1, 4, 1, 0, 5, 0, 1, 'false', 3, 'detail', 23),
(496, 210, 149, 0, 3, 1, 0, 5, 2, 2, 'false', 3, 'detail', 28),
(497, 180, 174, 1, 0, 2, 5, 1, 4, 4, 'false', 3, 'detail', 1),
(499, 198, 207, 2, 1, 2, 5, 1, 2, 1, 'false', 3, 'detail', 3),
(500, 202, 153, 0, 2, 2, 0, 5, 3, 1, 'false', 3, 'detail', 4),
(501, 177, 167, 1, 4, 2, 0, 5, 1, 4, 'false', 3, 'detail', 5),
(502, 145, 140, 1, 1, 2, 3, 3, 3, 2, 'false', 3, 'detail', 6),
(503, 154, 144, 1, 3, 2, 0, 5, 0, 3, 'false', 3, 'detail', 7),
(504, 149, 199, 0, 1, 2, 1, 5, 2, 4, 'false', 3, 'detail', 8),
(505, 176, 196, 2, 1, 2, 5, 1, 0, 2, 'false', 3, 'detail', 9),
(506, 181, 150, 3, 0, 2, 5, 0, 4, 0, 'false', 3, 'detail', 10),
(507, 142, 200, 2, 1, 2, 5, 1, 3, 0, 'false', 3, 'detail', 11),
(508, 147, 155, 1, 2, 2, 1, 5, 1, 2, 'false', 3, 'detail', 12),
(509, 156, 197, 2, 3, 2, 1, 5, 2, 3, 'false', 3, 'detail', 13),
(510, 148, 162, 1, 2, 2, 1, 5, 0, 1, 'false', 3, 'detail', 14),
(511, 183, 151, 0, 2, 2, 0, 5, 0, 1, 'false', 3, 'detail', 15),
(512, 152, 179, 1, 0, 2, 5, 1, 1, 4, 'false', 3, 'detail', 16),
(513, 193, 161, 2, 2, 2, 3, 3, 1, 2, 'false', 3, 'detail', 17),
(514, 171, 170, 2, 2, 2, 3, 3, 2, 1, 'false', 3, 'detail', 18),
(515, 208, 195, 1, 2, 2, 1, 5, 0, 2, 'false', 3, 'detail', 19),
(516, 173, 143, 1, 2, 2, 1, 5, 0, 3, 'false', 3, 'detail', 20),
(517, 165, 201, 1, 1, 2, 3, 3, 0, 3, 'false', 3, 'detail', 21),
(518, 209, 190, 1, 3, 2, 0, 5, 2, 6, 'false', 3, 'detail', 22),
(520, 164, 172, 1, 2, 2, 1, 5, 0, 0, 'false', 3, 'detail', 24),
(521, 188, 203, 0, 2, 2, 0, 5, 2, 1, 'false', 3, 'detail', 25),
(522, 141, 210, 1, 4, 2, 0, 5, 0, 6, 'false', 3, 'detail', 26),
(523, 206, 182, 1, 2, 2, 1, 5, 1, 4, 'false', 3, 'detail', 27),
(524, 178, 175, 2, 3, 2, 1, 5, 1, 3, 'false', 3, 'detail', 28),
(525, 166, 159, 2, 0, 2, 5, 0, 4, 0, 'false', 3, 'detail', 29),
(526, 187, 192, 2, 1, 2, 5, 1, 1, 0, 'false', 3, 'detail', 30),
(527, 191, 169, 2, 2, 2, 3, 3, 1, 2, 'false', 3, 'detail', 31),
(528, 205, 194, 1, 6, 2, 0, 5, 3, 2, 'false', 3, 'detail', 32),
(529, 204, 184, 4, 0, 2, 5, 0, 5, 1, 'false', 3, 'detail', 33),
(530, 189, 168, 1, 1, 2, 3, 3, 2, 3, 'false', 3, 'detail', 2),
(531, 186, 185, 0, 2, 2, 0, 5, 0, 2, 'false', 3, 'detail', 23),
(532, 198, 199, 2, 1, 3, 5, 1, 2, 4, 'false', 3, 'detail', 1),
(533, 167, 181, 0, 1, 3, 1, 5, 0, 1, 'false', 3, 'detail', 2),
(534, 144, 180, 1, 1, 3, 3, 3, 1, 3, 'false', 3, 'detail', 3),
(535, 176, 142, 0, 2, 3, 0, 5, 1, 3, 'false', 3, 'detail', 4),
(536, 155, 153, 1, 2, 3, 1, 5, 1, 2, 'false', 3, 'detail', 5),
(537, 168, 145, 2, 1, 3, 5, 1, 2, 1, 'false', 3, 'detail', 6),
(538, 197, 162, 2, 1, 3, 5, 1, 0, 3, 'false', 3, 'detail', 7),
(539, 152, 140, 0, 2, 3, 0, 5, 3, 2, 'false', 3, 'detail', 8),
(540, 189, 143, 2, 1, 3, 5, 1, 0, 3, 'false', 3, 'detail', 9),
(541, 195, 151, 0, 2, 3, 0, 5, 0, 2, 'false', 3, 'detail', 10),
(542, 207, 149, 1, 2, 3, 1, 5, 2, 2, 'false', 3, 'detail', 11),
(543, 200, 193, 4, 2, 3, 5, 0, 1, 2, 'false', 3, 'detail', 12),
(544, 172, 161, 1, 2, 3, 1, 5, 1, 2, 'false', 3, 'detail', 13),
(545, 174, 196, 1, 2, 3, 1, 5, 1, 0, 'false', 3, 'detail', 14),
(546, 147, 171, 2, 2, 3, 3, 3, 1, 0, 'false', 3, 'detail', 15),
(547, 165, 156, 2, 0, 3, 5, 0, 3, 2, 'false', 3, 'detail', 16),
(548, 170, 185, 2, 1, 3, 5, 1, 0, 6, 'false', 3, 'detail', 17),
(549, 203, 190, 1, 3, 3, 0, 5, 1, 1, 'false', 3, 'detail', 18),
(550, 202, 154, 2, 0, 3, 5, 0, 3, 0, 'false', 3, 'detail', 19),
(551, 177, 150, 2, 1, 3, 5, 1, 3, 0, 'false', 3, 'detail', 20),
(552, 175, 187, 1, 2, 3, 1, 5, 0, 5, 'false', 3, 'detail', 21),
(553, 182, 204, 2, 1, 3, 5, 1, 0, 0, 'false', 3, 'detail', 22),
(554, 210, 166, 2, 3, 3, 1, 5, 7, 0, 'false', 3, 'detail', 23),
(555, 194, 173, 3, 2, 3, 5, 1, 0, 2, 'false', 3, 'detail', 24),
(556, 208, 148, 3, 2, 3, 5, 1, 4, 3, 'false', 3, 'detail', 25),
(557, 179, 201, 0, 2, 3, 0, 5, 1, 2, 'false', 3, 'detail', 26),
(558, 183, 169, 3, 5, 3, 0, 5, 0, 3, 'false', 3, 'detail', 27),
(559, 191, 164, 2, 0, 3, 5, 0, 2, 0, 'false', 3, 'detail', 28),
(560, 209, 192, 0, 2, 3, 0, 5, 0, 2, 'false', 3, 'detail', 29),
(561, 178, 188, 3, 2, 3, 5, 1, 1, 1, 'false', 3, 'detail', 30),
(562, 206, 184, 4, 1, 3, 5, 0, 2, 2, 'false', 3, 'detail', 31),
(563, 186, 205, 3, 2, 3, 5, 1, 3, 2, 'false', 3, 'detail', 32),
(564, 159, 141, 2, 4, 3, 0, 5, 2, 0, 'false', 3, 'detail', 33),
(597, 142, 181, 2, 1, 4, 5, 1, 1, 3, 'false', 3, 'detail', 1),
(598, 198, 153, 2, 0, 4, 5, 0, 3, 1, 'false', 3, 'detail', 2),
(599, 168, 144, 1, 0, 4, 5, 1, 1, 0, 'false', 3, 'detail', 3),
(600, 189, 180, 0, 1, 4, 1, 5, 1, 5, 'false', 3, 'detail', 4),
(601, 197, 140, 2, 1, 4, 5, 1, 0, 2, 'false', 3, 'detail', 5),
(602, 151, 199, 4, 0, 4, 5, 0, 2, 0, 'false', 3, 'detail', 6),
(603, 167, 200, 1, 5, 4, 0, 5, 4, 0, 'false', 3, 'detail', 7),
(604, 165, 155, 1, 2, 4, 1, 5, 3, 0, 'false', 3, 'detail', 8),
(605, 149, 161, 1, 2, 4, 1, 5, 1, 4, 'false', 3, 'detail', 9),
(606, 170, 190, 3, 0, 4, 5, 0, 0, 1, 'false', 3, 'detail', 10),
(607, 196, 202, 1, 1, 4, 3, 3, 0, 0, 'false', 3, 'detail', 11),
(608, 176, 182, 1, 2, 4, 1, 5, 0, 2, 'false', 3, 'detail', 12),
(609, 177, 187, 1, 1, 4, 3, 3, 0, 3, 'false', 3, 'detail', 13),
(610, 166, 194, 1, 4, 4, 0, 5, 0, 0, 'false', 3, 'detail', 14),
(611, 145, 162, 4, 1, 4, 5, 0, 1, 1, 'false', 3, 'detail', 15),
(612, 147, 201, 3, 1, 4, 5, 0, 2, 1, 'false', 3, 'detail', 16),
(613, 171, 208, 2, 1, 4, 5, 1, 1, 0, 'false', 3, 'detail', 17),
(614, 195, 143, 2, 0, 4, 5, 0, 2, 1, 'false', 3, 'detail', 18),
(615, 152, 169, 3, 1, 4, 5, 0, 4, 2, 'false', 3, 'detail', 19),
(616, 191, 207, 0, 1, 4, 1, 5, 0, 1, 'false', 3, 'detail', 20),
(617, 185, 172, 1, 0, 4, 5, 1, 2, 1, 'false', 3, 'detail', 21),
(618, 174, 193, 1, 3, 4, 0, 5, 3, 0, 'false', 3, 'detail', 22),
(619, 150, 156, 1, 1, 4, 3, 3, 0, 1, 'false', 3, 'detail', 23),
(620, 175, 192, 1, 1, 4, 3, 3, 1, 0, 'false', 3, 'detail', 24),
(621, 210, 203, 3, 1, 4, 5, 0, 4, 3, 'false', 3, 'detail', 25),
(622, 204, 178, 4, 4, 4, 3, 3, 1, 2, 'false', 3, 'detail', 26),
(623, 206, 154, 0, 5, 4, 0, 5, 0, 0, 'false', 3, 'resume', 27),
(624, 173, 148, 0, 1, 4, 1, 5, 1, 0, 'false', 3, 'detail', 28),
(625, 186, 141, 4, 4, 4, 3, 3, 0, 0, 'false', 3, 'detail', 29),
(626, 179, 183, 3, 1, 4, 5, 0, 6, 0, 'false', 3, 'detail', 30),
(627, 164, 209, 2, 1, 4, 5, 1, 1, 2, 'false', 3, 'detail', 31),
(628, 205, 188, 1, 0, 4, 5, 1, 1, 1, 'false', 3, 'detail', 32),
(629, 159, 184, 2, 1, 4, 5, 1, 3, 0, 'false', 3, 'detail', 33),
(630, 142, 198, 1, 2, 5, 1, 5, 1, 0, 'false', 3, 'resume', 1),
(631, 168, 197, 2, 1, 5, 5, 1, 5, 0, 'false', 3, 'resume', 2),
(632, 180, 151, 0, 2, 5, 0, 5, 1, 1, 'false', 3, 'resume', 3),
(633, 181, 200, 1, 2, 5, 1, 5, 3, 0, 'false', 3, 'resume', 4),
(634, 161, 155, 1, 1, 5, 3, 3, 1, 2, 'false', 3, 'resume', 5),
(635, 170, 153, 1, 1, 5, 3, 3, 1, 2, 'false', 3, 'resume', 6),
(636, 182, 194, 1, 0, 5, 5, 1, 1, 0, 'false', 3, 'resume', 7),
(637, 144, 189, 2, 1, 5, 5, 1, 4, 1, 'false', 3, 'resume', 8),
(638, 140, 171, 2, 2, 5, 3, 3, 1, 0, 'false', 3, 'resume', 9),
(639, 145, 147, 0, 1, 5, 1, 5, 1, 3, 'false', 3, 'resume', 10),
(640, 196, 195, 3, 0, 5, 5, 0, 1, 1, 'false', 3, 'resume', 11),
(641, 202, 187, 3, 0, 5, 5, 0, 2, 0, 'false', 3, 'resume', 12),
(642, 177, 152, 2, 1, 5, 5, 1, 1, 2, 'false', 3, 'resume', 13),
(643, 185, 165, 0, 1, 5, 1, 5, 0, 0, 'false', 3, 'resume', 14),
(644, 149, 176, 2, 2, 5, 3, 3, 1, 3, 'false', 3, 'resume', 15),
(645, 207, 199, 0, 2, 5, 0, 5, 1, 1, 'false', 3, 'resume', 16),
(646, 193, 167, 0, 4, 5, 0, 5, 1, 6, 'false', 3, 'resume', 17),
(647, 190, 210, 1, 2, 5, 1, 5, 0, 2, 'false', 3, 'resume', 18),
(648, 154, 166, 2, 3, 5, 1, 5, 0, 2, 'false', 3, 'resume', 19),
(649, 208, 162, 3, 1, 5, 5, 0, 1, 0, 'false', 3, 'resume', 20),
(650, 148, 201, 2, 0, 5, 5, 0, 3, 2, 'false', 3, 'detail', 21),
(651, 150, 192, 0, 2, 5, 0, 5, 1, 3, 'false', 3, 'resume', 22),
(652, 156, 143, 0, 2, 5, 0, 5, 0, 1, 'false', 3, 'resume', 23),
(653, 175, 179, 3, 0, 5, 5, 0, 0, 3, 'false', 3, 'resume', 24),
(654, 204, 191, 2, 1, 5, 5, 1, 1, 1, 'false', 3, 'resume', 25),
(655, 178, 172, 1, 2, 5, 1, 5, 1, 1, 'false', 3, 'resume', 26),
(656, 186, 169, 1, 2, 5, 1, 5, 1, 0, 'false', 3, 'resume', 27),
(657, 141, 174, 1, 4, 5, 0, 5, 0, 3, 'false', 3, 'resume', 28),
(658, 164, 173, 0, 3, 5, 0, 5, 1, 5, 'false', 3, 'resume', 29),
(659, 205, 203, 3, 3, 5, 3, 3, 1, 2, 'false', 3, 'resume', 30),
(660, 206, 159, 0, 2, 5, 0, 5, 0, 2, 'false', 3, 'resume', 31),
(661, 183, 188, 2, 2, 5, 3, 3, 0, 0, 'false', 3, 'resume', 32),
(662, 209, 184, 1, 1, 5, 3, 3, 1, 0, 'false', 3, 'resume', 33),
(663, 198, 168, 1, 2, 6, 1, 5, 2, 2, 'true', 3, 'resume', 1),
(664, 151, 142, 0, 1, 6, 1, 5, 0, 1, 'false', 3, 'resume', 2),
(665, 200, 182, 4, 0, 6, 5, 0, 2, 1, 'false', 3, 'resume', 3),
(666, 144, 161, 1, 1, 6, 3, 3, 0, 1, 'false', 3, 'resume', 4),
(667, 155, 197, 1, 1, 6, 3, 3, 1, 1, 'false', 3, 'resume', 5),
(668, 147, 196, 2, 1, 6, 5, 1, 2, 2, 'false', 3, 'resume', 6),
(669, 170, 180, 1, 2, 6, 1, 5, 0, 1, 'false', 3, 'resume', 7),
(670, 153, 177, 2, 1, 6, 5, 1, 1, 0, 'false', 3, 'resume', 8),
(671, 202, 181, 1, 0, 6, 5, 1, 1, 1, 'false', 3, 'resume', 9),
(672, 171, 165, 1, 0, 6, 5, 1, 2, 0, 'false', 3, 'resume', 10),
(673, 140, 199, 2, 0, 6, 5, 0, 0, 0, 'false', 3, 'resume', 11),
(675, 210, 189, 4, 1, 6, 5, 0, 5, 0, 'false', 3, 'resume', 13),
(676, 145, 149, 3, 2, 6, 5, 1, 4, 2, 'false', 3, 'resume', 14),
(677, 166, 208, 3, 1, 6, 5, 0, 0, 1, 'false', 3, 'resume', 15),
(678, 148, 176, 3, 2, 6, 5, 1, 3, 2, 'false', 3, 'resume', 16),
(679, 152, 143, 1, 1, 6, 3, 3, 2, 4, 'false', 3, 'resume', 17),
(680, 192, 204, 2, 2, 6, 3, 3, 3, 0, 'false', 3, 'resume', 18),
(681, 175, 195, 1, 2, 6, 1, 5, 1, 7, 'false', 3, 'resume', 19),
(682, 185, 187, 0, 3, 6, 0, 5, 0, 5, 'false', 3, 'resume', 20),
(683, 172, 169, 2, 0, 6, 5, 0, 0, 1, 'false', 3, 'resume', 21),
(684, 207, 174, 1, 1, 6, 3, 3, 0, 1, 'false', 3, 'resume', 22),
(686, 173, 154, 2, 1, 6, 5, 1, 1, 3, 'false', 3, 'resume', 24),
(687, 178, 191, 2, 0, 6, 5, 0, 0, 0, 'false', 3, 'resume', 25),
(688, 159, 201, 1, 0, 6, 5, 1, 1, 4, 'false', 3, 'resume', 26),
(689, 162, 150, 0, 2, 6, 0, 5, 0, 2, 'false', 3, 'resume', 27),
(690, 156, 179, 1, 1, 6, 3, 3, 2, 3, 'false', 3, 'resume', 28),
(691, 186, 203, 4, 1, 6, 5, 0, 3, 4, 'false', 3, 'resume', 29),
(692, 205, 141, 0, 4, 6, 0, 5, 1, 4, 'false', 3, 'resume', 30),
(693, 164, 183, 2, 3, 6, 1, 5, 0, 0, 'false', 3, 'resume', 31),
(695, 209, 206, 1, 1, 6, 3, 3, 2, 1, 'false', 3, 'resume', 32),
(696, 188, 184, 5, 1, 6, 5, 0, 2, 1, 'false', 3, 'resume', 33),
(697, 167, 194, 2, 1, 6, 5, 1, 0, 0, 'false', 3, 'resume', 12),
(698, 193, 190, 3, 2, 6, 5, 1, 2, 3, 'false', 3, 'resume', 23),
(699, 168, 142, 0, 0, 7, 0, 0, 0, 0, 'false', 3, 'programme', 1),
(700, 198, 200, 0, 0, 7, 0, 0, 0, 0, 'false', 3, 'programme', 2),
(701, 151, 147, 0, 0, 7, 0, 0, 0, 0, 'false', 3, 'programme', 3),
(702, 153, 180, 0, 0, 7, 0, 0, 0, 0, 'false', 3, 'programme', 4),
(703, 202, 144, 0, 0, 7, 0, 0, 0, 0, 'false', 3, 'programme', 5),
(704, 155, 171, 0, 0, 7, 0, 0, 0, 0, 'false', 3, 'programme', 6),
(705, 161, 197, 0, 0, 7, 0, 0, 0, 0, 'false', 3, 'programme', 7),
(706, 140, 167, 0, 0, 7, 0, 0, 0, 0, 'false', 3, 'programme', 8),
(707, 210, 145, 0, 0, 7, 0, 0, 0, 0, 'false', 3, 'programme', 9),
(708, 196, 166, 0, 0, 7, 0, 0, 0, 0, 'false', 3, 'programme', 10),
(709, 170, 182, 0, 0, 7, 0, 0, 0, 0, 'false', 3, 'programme', 11),
(710, 148, 177, 0, 0, 7, 0, 0, 0, 0, 'false', 3, 'programme', 12),
(711, 181, 195, 0, 0, 7, 0, 0, 0, 0, 'false', 3, 'programme', 13),
(712, 187, 165, 0, 0, 7, 0, 0, 0, 0, 'false', 3, 'programme', 14),
(713, 172, 194, 0, 0, 7, 0, 0, 0, 0, 'false', 3, 'programme', 15),
(714, 192, 143, 0, 0, 7, 0, 0, 0, 0, 'false', 3, 'programme', 16),
(715, 152, 204, 0, 0, 7, 0, 0, 0, 0, 'false', 3, 'programme', 17),
(716, 199, 193, 0, 0, 7, 0, 0, 0, 0, 'false', 3, 'programme', 18),
(717, 149, 173, 0, 0, 7, 0, 0, 0, 0, 'false', 3, 'programme', 19),
(718, 189, 176, 0, 0, 7, 0, 0, 0, 0, 'false', 3, 'programme', 20),
(719, 208, 175, 0, 0, 7, 0, 0, 0, 0, 'false', 3, 'programme', 21),
(720, 174, 178, 0, 0, 7, 0, 0, 0, 0, 'false', 3, 'programme', 22),
(721, 207, 159, 0, 0, 7, 0, 0, 0, 0, 'false', 3, 'programme', 23),
(722, 150, 186, 0, 0, 7, 0, 0, 0, 0, 'false', 3, 'programme', 24),
(723, 185, 141, 0, 0, 7, 0, 0, 0, 0, 'false', 3, 'programme', 25),
(724, 190, 169, 0, 0, 7, 0, 0, 0, 0, 'false', 3, 'programme', 26),
(725, 154, 156, 0, 0, 7, 0, 0, 0, 0, 'false', 3, 'programme', 27),
(726, 179, 188, 0, 0, 7, 0, 0, 0, 0, 'false', 3, 'programme', 28),
(727, 183, 201, 0, 0, 7, 0, 0, 0, 0, 'false', 3, 'programme', 29),
(728, 191, 162, 0, 0, 7, 0, 0, 0, 0, 'false', 3, 'programme', 30),
(729, 205, 206, 0, 0, 7, 0, 0, 0, 0, 'false', 3, 'programme', 31),
(730, 203, 164, 0, 0, 7, 0, 0, 0, 0, 'false', 3, 'programme', 32),
(833, 245, 268, 1, 2, 1, 1, 5, 1, 4, 'false', 4, 'resume', 1),
(834, 234, 265, 1, 2, 1, 1, 5, 0, 2, 'false', 4, 'resume', 2),
(835, 212, 264, 2, 1, 1, 5, 1, 3, 3, 'false', 4, 'resume', 3),
(836, 252, 274, 0, 1, 1, 1, 5, 0, 0, 'false', 4, 'resume', 4),
(837, 235, 258, 1, 2, 1, 1, 5, 1, 2, 'false', 4, 'resume', 5),
(838, 211, 220, 1, 2, 1, 1, 5, 1, 1, 'false', 4, 'resume', 6),
(839, 213, 215, 4, 0, 1, 5, 0, 4, 1, 'false', 4, 'resume', 7),
(840, 214, 239, 1, 1, 1, 3, 3, 0, 1, 'false', 4, 'resume', 8),
(841, 227, 270, 2, 1, 1, 5, 1, 0, 0, 'false', 4, 'resume', 9),
(842, 224, 237, 1, 0, 1, 5, 1, 3, 0, 'false', 4, 'resume', 10),
(843, 249, 257, 2, 1, 1, 5, 1, 0, 2, 'false', 4, 'resume', 11),
(844, 230, 244, 2, 1, 1, 5, 1, 5, 0, 'false', 4, 'resume', 12),
(845, 223, 266, 2, 0, 1, 5, 0, 0, 1, 'false', 4, 'resume', 13),
(846, 240, 254, 1, 1, 1, 3, 3, 2, 2, 'false', 4, 'resume', 14),
(847, 236, 246, 2, 1, 1, 5, 1, 2, 1, 'false', 4, 'resume', 15),
(848, 232, 267, 1, 2, 1, 1, 5, 2, 3, 'false', 4, 'resume', 16),
(849, 233, 275, 3, 0, 1, 5, 0, 3, 0, 'false', 4, 'resume', 17),
(850, 219, 256, 1, 2, 1, 1, 5, 1, 0, 'false', 4, 'resume', 18),
(851, 260, 271, 1, 0, 1, 5, 1, 3, 0, 'false', 4, 'resume', 19),
(852, 216, 238, 4, 1, 1, 5, 0, 1, 1, 'false', 4, 'resume', 20),
(853, 255, 269, 0, 1, 1, 1, 5, 3, 0, 'false', 4, 'resume', 21),
(854, 248, 273, 2, 1, 1, 5, 1, 3, 0, 'false', 4, 'resume', 22),
(855, 217, 262, 1, 0, 1, 5, 1, 6, 1, 'false', 4, 'resume', 23),
(856, 228, 250, 2, 1, 1, 5, 1, 2, 0, 'false', 4, 'resume', 24),
(859, 229, 243, 1, 6, 1, 0, 5, 3, 3, 'false', 4, 'resume', 27),
(860, 222, 263, 0, 1, 1, 1, 5, 3, 1, 'false', 4, 'resume', 28),
(861, 272, 241, 2, 1, 1, 5, 1, 6, 1, 'false', 4, 'resume', 29),
(863, 231, 242, 3, 0, 1, 5, 0, 1, 1, 'false', 4, 'resume', 31),
(864, 253, 251, 4, 1, 1, 5, 0, 2, 1, 'false', 4, 'resume', 32),
(865, 225, 247, 2, 0, 1, 5, 0, 3, 0, 'false', 4, 'resume', 33),
(866, 279, 226, 3, 2, 1, 5, 1, 0, 3, 'false', 4, 'resume', 34),
(867, 277, 278, 0, 1, 1, 1, 5, 0, 2, 'false', 4, 'resume', 30),
(868, 221, 218, 1, 2, 1, 1, 5, 0, 2, 'false', 4, 'resume', 25),
(869, 259, 276, 2, 0, 1, 5, 0, 0, 1, 'false', 4, 'resume', 26),
(870, 227, 272, 1, 0, 2, 5, 1, 2, 1, 'false', 4, 'resume', 1),
(871, 258, 224, 0, 3, 2, 0, 5, 1, 3, 'false', 4, 'resume', 2),
(872, 228, 248, 1, 0, 2, 5, 1, 1, 4, 'false', 4, 'resume', 3),
(873, 267, 256, 1, 1, 2, 3, 3, 2, 1, 'false', 4, 'resume', 4),
(874, 265, 230, 2, 0, 2, 5, 0, 1, 2, 'false', 4, 'resume', 5),
(875, 236, 263, 2, 1, 2, 5, 1, 2, 0, 'false', 4, 'resume', 6),
(876, 279, 260, 3, 4, 2, 1, 5, 1, 2, 'false', 4, 'resume', 7),
(877, 268, 212, 1, 2, 2, 1, 5, 0, 5, 'false', 4, 'resume', 8),
(878, 249, 217, 0, 2, 2, 0, 5, 1, 1, 'false', 4, 'resume', 9),
(879, 274, 220, 0, 2, 2, 0, 5, 0, 0, 'false', 4, 'resume', 10),
(880, 278, 218, 1, 3, 2, 0, 5, 3, 3, 'false', 4, 'resume', 11),
(881, 269, 243, 3, 4, 2, 1, 5, 3, 2, 'false', 4, 'resume', 12),
(882, 213, 253, 3, 2, 2, 5, 1, 3, 1, 'false', 4, 'resume', 13),
(883, 216, 233, 5, 1, 2, 5, 0, 0, 5, 'false', 4, 'resume', 14),
(884, 223, 259, 1, 2, 2, 1, 5, 3, 0, 'false', 4, 'resume', 15),
(885, 225, 231, 0, 1, 2, 1, 5, 2, 2, 'false', 4, 'resume', 16),
(886, 214, 254, 1, 0, 2, 5, 1, 0, 1, 'false', 4, 'resume', 17),
(889, 271, 273, 1, 3, 2, 0, 5, 2, 0, 'false', 4, 'resume', 20),
(890, 255, 277, 0, 3, 2, 0, 5, 3, 2, 'false', 4, 'resume', 21),
(891, 264, 262, 1, 1, 2, 3, 3, 3, 1, 'false', 4, 'resume', 22),
(892, 245, 237, 2, 3, 2, 1, 5, 0, 4, 'false', 4, 'resume', 23),
(893, 252, 241, 4, 0, 2, 5, 0, 6, 0, 'false', 4, 'resume', 24),
(894, 235, 234, 2, 1, 2, 5, 1, 1, 0, 'false', 4, 'resume', 25),
(895, 222, 232, 4, 3, 2, 5, 1, 1, 0, 'false', 4, 'resume', 26),
(898, 219, 244, 3, 1, 2, 5, 0, 3, 1, 'false', 4, 'resume', 29),
(899, 211, 266, 1, 1, 2, 3, 3, 3, 2, 'false', 4, 'resume', 30),
(900, 276, 275, 2, 0, 2, 5, 0, 0, 0, 'false', 4, 'resume', 31),
(901, 238, 251, 3, 2, 2, 5, 1, 1, 2, 'false', 4, 'resume', 32),
(902, 247, 229, 0, 1, 2, 1, 5, 1, 3, 'false', 4, 'resume', 33),
(903, 242, 215, 0, 4, 2, 0, 5, 0, 1, 'false', 4, 'resume', 34),
(904, 280, 261, 2, 1, 2, 5, 1, 2, 2, 'false', 4, 'resume', 35),
(905, 270, 240, 1, 2, 2, 1, 5, 1, 2, 'false', 4, 'resume', 19),
(906, 239, 257, 1, 0, 2, 5, 1, 0, 1, 'false', 4, 'resume', 18),
(907, 221, 226, 2, 4, 2, 0, 5, 1, 0, 'false', 4, 'resume', 27),
(908, 250, 246, 0, 1, 2, 1, 5, 0, 2, 'false', 4, 'resume', 28),
(909, 236, 243, 1, 1, 3, 3, 3, 2, 0, 'false', 4, 'resume', 1),
(910, 213, 224, 2, 1, 3, 5, 1, 1, 2, 'false', 4, 'resume', 2),
(911, 259, 212, 1, 0, 3, 5, 1, 5, 3, 'false', 4, 'resume', 3),
(912, 216, 220, 2, 2, 3, 3, 3, 0, 3, 'false', 4, 'resume', 4),
(913, 217, 228, 2, 1, 3, 5, 1, 1, 2, 'false', 4, 'resume', 5),
(914, 227, 265, 2, 1, 3, 5, 1, 2, 0, 'false', 4, 'resume', 6),
(915, 260, 231, 0, 3, 3, 0, 5, 0, 9, 'false', 4, 'resume', 7),
(920, 248, 223, 2, 2, 3, 3, 3, 3, 0, 'false', 4, 'resume', 12),
(921, 246, 237, 0, 1, 3, 1, 5, 1, 1, 'false', 4, 'resume', 13),
(922, 268, 225, 0, 1, 3, 1, 5, 0, 1, 'false', 4, 'resume', 14),
(923, 253, 272, 0, 3, 3, 0, 5, 1, 4, 'false', 4, 'resume', 15),
(924, 269, 219, 2, 1, 3, 5, 1, 2, 1, 'false', 4, 'resume', 16),
(925, 222, 226, 1, 6, 3, 0, 5, 0, 1, 'false', 4, 'resume', 17),
(926, 273, 235, 1, 3, 3, 0, 5, 0, 1, 'false', 4, 'resume', 18),
(927, 252, 277, 2, 0, 3, 5, 0, 1, 1, 'false', 4, 'resume', 19),
(928, 278, 258, 0, 3, 3, 0, 5, 4, 2, 'false', 4, 'resume', 20),
(929, 274, 249, 2, 0, 3, 5, 0, 4, 0, 'false', 4, 'resume', 21),
(930, 230, 238, 2, 1, 3, 5, 1, 3, 0, 'false', 4, 'resume', 22),
(931, 229, 276, 2, 1, 3, 5, 1, 1, 0, 'false', 4, 'resume', 23),
(932, 233, 215, 1, 1, 3, 3, 3, 1, 4, 'false', 4, 'resume', 24),
(933, 280, 254, 3, 0, 3, 5, 0, 4, 2, 'false', 4, 'resume', 25),
(934, 262, 211, 2, 1, 3, 5, 1, 0, 2, 'false', 4, 'resume', 26),
(935, 264, 266, 1, 2, 3, 1, 5, 1, 4, 'false', 4, 'resume', 27),
(936, 270, 250, 0, 1, 3, 1, 5, 5, 3, 'false', 4, 'resume', 28),
(937, 234, 232, 4, 4, 3, 3, 3, 2, 1, 'false', 4, 'resume', 29),
(938, 257, 245, 2, 1, 3, 5, 1, 0, 0, 'false', 4, 'resume', 30),
(939, 271, 221, 2, 0, 3, 5, 0, 5, 0, 'false', 4, 'resume', 31),
(940, 255, 241, 2, 0, 3, 5, 0, 3, 1, 'false', 4, 'resume', 32),
(941, 244, 247, 3, 1, 3, 5, 0, 1, 1, 'false', 4, 'resume', 33),
(942, 251, 261, 0, 2, 3, 0, 5, 3, 1, 'false', 4, 'resume', 34),
(943, 242, 275, 2, 0, 3, 5, 0, 3, 0, 'false', 4, 'resume', 35),
(944, 214, 256, 1, 1, 3, 3, 3, 0, 0, 'false', 4, 'resume', 9),
(945, 263, 239, 0, 1, 3, 1, 5, 0, 1, 'false', 4, 'resume', 11),
(946, 218, 267, 1, 2, 3, 1, 5, 0, 3, 'false', 4, 'resume', 8),
(947, 279, 240, 1, 2, 3, 1, 5, 0, 2, 'false', 4, 'resume', 10),
(948, 231, 259, 1, 2, 4, 1, 5, 0, 0, 'false', 4, 'resume', 1),
(949, 213, 217, 1, 1, 4, 3, 3, 1, 3, 'false', 4, 'resume', 2),
(950, 227, 243, 1, 0, 4, 5, 1, 2, 2, 'false', 4, 'resume', 3),
(951, 236, 220, 1, 1, 4, 3, 3, 0, 2, 'false', 4, 'resume', 4),
(952, 216, 267, 1, 1, 4, 3, 3, 0, 2, 'false', 4, 'resume', 5),
(953, 240, 224, 0, 2, 4, 0, 5, 1, 3, 'false', 4, 'resume', 6),
(954, 256, 228, 0, 2, 4, 0, 5, 0, 2, 'false', 4, 'resume', 7),
(956, 212, 269, 1, 2, 4, 1, 5, 1, 2, 'false', 4, 'resume', 9),
(957, 214, 225, 2, 0, 4, 5, 0, 3, 0, 'false', 4, 'resume', 10),
(958, 272, 237, 2, 0, 4, 5, 0, 3, 0, 'false', 4, 'resume', 11),
(959, 235, 218, 1, 2, 4, 1, 5, 0, 2, 'false', 4, 'resume', 12),
(960, 252, 226, 1, 1, 4, 3, 3, 5, 1, 'false', 4, 'resume', 13),
(961, 274, 260, 0, 1, 4, 1, 5, 1, 0, 'false', 4, 'resume', 14),
(962, 258, 230, 1, 0, 4, 5, 1, 2, 2, 'false', 4, 'resume', 15),
(963, 229, 280, 1, 2, 4, 1, 5, 7, 0, 'false', 4, 'resume', 16),
(965, 248, 262, 2, 0, 4, 5, 0, 3, 1, 'false', 4, 'resume', 18),
(966, 215, 266, 0, 3, 4, 0, 5, 0, 2, 'false', 4, 'resume', 19),
(967, 233, 279, 2, 1, 4, 5, 1, 6, 0, 'false', 4, 'resume', 20),
(968, 246, 219, 2, 1, 4, 5, 1, 2, 0, 'false', 4, 'resume', 21),
(969, 268, 250, 2, 2, 4, 3, 3, 2, 1, 'false', 4, 'resume', 22),
(970, 257, 253, 0, 4, 4, 0, 5, 2, 2, 'false', 4, 'resume', 23),
(971, 222, 273, 2, 2, 4, 3, 3, 1, 2, 'false', 4, 'resume', 24),
(972, 276, 238, 2, 1, 4, 5, 1, 3, 0, 'false', 4, 'resume', 25),
(973, 277, 244, 2, 1, 4, 5, 1, 4, 0, 'false', 4, 'resume', 26),
(974, 255, 271, 0, 1, 4, 1, 5, 1, 4, 'false', 4, 'resume', 27),
(975, 261, 249, 1, 1, 4, 3, 3, 3, 1, 'false', 4, 'resume', 28),
(976, 211, 264, 1, 0, 4, 5, 1, 0, 4, 'false', 4, 'resume', 29),
(977, 278, 234, 3, 1, 4, 5, 0, 6, 1, 'false', 4, 'resume', 30),
(978, 232, 242, 1, 2, 4, 1, 5, 0, 4, 'false', 4, 'resume', 31),
(979, 254, 270, 2, 1, 4, 5, 1, 3, 0, 'false', 4, 'resume', 32),
(980, 245, 221, 0, 6, 4, 0, 5, 0, 3, 'false', 4, 'resume', 33),
(981, 241, 247, 2, 3, 4, 1, 5, 2, 2, 'false', 4, 'resume', 34),
(982, 251, 275, 2, 1, 4, 5, 1, 2, 0, 'false', 4, 'resume', 35),
(983, 239, 265, 2, 1, 4, 5, 1, 1, 0, 'false', 4, 'resume', 8),
(984, 263, 223, 3, 1, 4, 5, 0, 1, 4, 'false', 4, 'resume', 17),
(1019, 259, 227, 0, 1, 5, 1, 5, 1, 1, 'false', 4, 'resume', 1),
(1020, 213, 239, 1, 2, 5, 1, 5, 1, 1, 'false', 4, 'resume', 2),
(1021, 217, 224, 1, 2, 5, 1, 5, 2, 3, 'false', 4, 'resume', 3),
(1022, 231, 236, 2, 0, 5, 5, 0, 2, 0, 'false', 4, 'resume', 4),
(1023, 220, 228, 1, 0, 5, 5, 1, 2, 2, 'false', 4, 'resume', 5),
(1024, 214, 272, 2, 0, 5, 5, 0, 2, 2, 'false', 4, 'resume', 6),
(1025, 269, 216, 2, 1, 5, 5, 1, 0, 0, 'false', 4, 'resume', 7),
(1026, 218, 258, 0, 1, 5, 1, 5, 2, 5, 'false', 4, 'resume', 8),
(1027, 260, 243, 2, 2, 5, 3, 3, 2, 5, 'false', 4, 'resume', 9),
(1028, 248, 252, 1, 1, 5, 3, 3, 0, 1, 'false', 4, 'resume', 10),
(1029, 226, 240, 3, 1, 5, 5, 0, 3, 2, 'false', 4, 'resume', 11),
(1030, 266, 233, 1, 0, 5, 5, 1, 1, 0, 'false', 4, 'resume', 12),
(1031, 265, 212, 1, 1, 5, 3, 3, 1, 1, 'false', 4, 'resume', 13),
(1032, 263, 235, 3, 1, 5, 5, 0, 0, 3, 'false', 4, 'resume', 14),
(1033, 246, 274, 0, 0, 5, 3, 3, 2, 2, 'false', 4, 'resume', 15),
(1034, 225, 253, 3, 2, 5, 5, 1, 2, 0, 'false', 4, 'resume', 16),
(1035, 237, 230, 3, 0, 5, 5, 0, 0, 1, 'false', 4, 'resume', 17),
(1036, 256, 276, 0, 0, 5, 3, 3, 0, 0, 'false', 4, 'resume', 18),
(1037, 277, 271, 1, 1, 5, 3, 3, 0, 0, 'false', 4, 'resume', 19),
(1038, 229, 278, 0, 5, 5, 0, 5, 8, 4, 'false', 4, 'resume', 20),
(1039, 211, 250, 2, 0, 5, 5, 0, 1, 1, 'false', 4, 'resume', 21),
(1040, 268, 242, 2, 0, 5, 5, 0, 0, 0, 'false', 4, 'resume', 22),
(1041, 223, 262, 1, 0, 5, 5, 1, 4, 4, 'false', 4, 'resume', 23),
(1042, 273, 254, 1, 2, 5, 1, 5, 0, 3, 'false', 4, 'resume', 24),
(1043, 222, 261, 4, 1, 5, 5, 0, 0, 1, 'false', 4, 'resume', 25),
(1044, 279, 215, 2, 2, 5, 3, 3, 3, 0, 'false', 4, 'resume', 26),
(1045, 219, 249, 0, 1, 5, 1, 5, 0, 2, 'false', 4, 'resume', 27),
(1046, 238, 255, 1, 3, 5, 0, 5, 0, 4, 'false', 4, 'resume', 28),
(1047, 257, 244, 2, 0, 5, 5, 0, 1, 1, 'false', 4, 'resume', 29),
(1048, 221, 264, 2, 2, 5, 3, 3, 2, 5, 'false', 4, 'resume', 30),
(1049, 247, 251, 0, 2, 5, 0, 5, 0, 1, 'false', 4, 'resume', 31),
(1050, 232, 270, 4, 0, 5, 5, 0, 1, 1, 'false', 4, 'resume', 32),
(1051, 234, 245, 2, 0, 5, 5, 0, 5, 2, 'false', 4, 'resume', 33),
(1052, 241, 275, 2, 2, 5, 3, 3, 2, 1, 'false', 4, 'resume', 34),
(1053, 227, 239, 2, 1, 6, 5, 1, 1, 0, 'true', 4, 'resume', 1),
(1054, 259, 224, 2, 3, 6, 1, 5, 0, 4, 'false', 4, 'resume', 2),
(1055, 214, 231, 0, 1, 6, 1, 5, 0, 3, 'false', 4, 'resume', 3),
(1056, 220, 269, 2, 0, 6, 5, 0, 5, 1, 'false', 4, 'resume', 4),
(1057, 258, 213, 2, 1, 6, 5, 1, 4, 0, 'false', 4, 'resume', 5),
(1058, 217, 226, 1, 1, 6, 3, 3, 2, 2, 'false', 4, 'resume', 6),
(1059, 260, 266, 1, 2, 6, 1, 5, 0, 3, 'false', 4, 'resume', 7),
(1060, 243, 228, 1, 2, 6, 1, 5, 3, 4, 'false', 4, 'resume', 8),
(1061, 263, 252, 1, 2, 6, 1, 5, 1, 2, 'false', 4, 'resume', 9),
(1062, 248, 216, 1, 2, 6, 1, 5, 0, 1, 'false', 4, 'resume', 10),
(1063, 218, 236, 1, 2, 6, 1, 5, 0, 3, 'false', 4, 'resume', 11),
(1064, 272, 225, 1, 1, 6, 3, 3, 2, 0, 'false', 4, 'resume', 12),
(1065, 237, 265, 2, 1, 6, 5, 1, 2, 1, 'false', 4, 'resume', 13),
(1066, 212, 278, 1, 2, 6, 1, 5, 1, 8, 'false', 4, 'resume', 14),
(1067, 211, 246, 0, 1, 6, 1, 5, 3, 4, 'false', 4, 'resume', 15),
(1068, 268, 274, 0, 1, 6, 1, 5, 0, 1, 'false', 4, 'resume', 16),
(1069, 223, 222, 1, 2, 6, 1, 5, 4, 1, 'false', 4, 'resume', 17),
(1070, 277, 256, 1, 2, 6, 1, 5, 1, 1, 'false', 4, 'resume', 18),
(1071, 271, 233, 0, 0, 6, 3, 3, 2, 0, 'false', 4, 'resume', 19),
(1072, 276, 254, 0, 1, 6, 1, 5, 0, 1, 'false', 4, 'resume', 20),
(1073, 240, 249, 2, 1, 6, 5, 1, 3, 3, 'false', 4, 'resume', 21);
INSERT INTO `tournament_match` (`id`, `id_coach_1`, `id_coach_2`, `td_1`, `td_2`, `round`, `points_1`, `points_2`, `casualties_1`, `casualties_2`, `finale`, `edition`, `status`, `table_number`) VALUES
(1074, 253, 235, 3, 3, 6, 3, 3, 0, 1, 'false', 4, 'resume', 22),
(1075, 255, 257, 0, 1, 6, 1, 5, 1, 1, 'false', 4, 'resume', 23),
(1077, 215, 229, 2, 1, 6, 5, 1, 0, 3, 'false', 4, 'resume', 25),
(1078, 232, 251, 2, 2, 6, 3, 3, 3, 6, 'false', 4, 'resume', 26),
(1080, 250, 242, 2, 1, 6, 5, 1, 0, 2, 'false', 4, 'resume', 28),
(1081, 234, 219, 2, 3, 6, 1, 5, 0, 3, 'false', 4, 'resume', 29),
(1082, 264, 261, 2, 0, 6, 5, 0, 1, 2, 'false', 4, 'resume', 30),
(1083, 221, 238, 1, 5, 6, 0, 5, 1, 2, 'false', 4, 'resume', 31),
(1084, 244, 241, 2, 3, 6, 1, 5, 1, 3, 'false', 4, 'resume', 32),
(1085, 247, 270, 2, 1, 6, 5, 1, 1, 1, 'false', 4, 'resume', 33),
(1086, 275, 245, 3, 1, 6, 5, 0, 6, 0, 'false', 4, 'resume', 34),
(1087, 230, 280, 1, 3, 6, 0, 5, 0, 2, 'false', 4, 'resume', 24),
(1088, 227, 224, 0, 0, 7, 0, 0, 0, 0, 'false', 4, 'programme', 1),
(1089, 220, 231, 0, 0, 7, 0, 0, 0, 0, 'false', 4, 'programme', 2),
(1090, 258, 239, 0, 0, 7, 0, 0, 0, 0, 'false', 4, 'programme', 3),
(1091, 266, 259, 0, 0, 7, 0, 0, 0, 0, 'false', 4, 'programme', 4),
(1092, 214, 228, 0, 0, 7, 0, 0, 0, 0, 'false', 4, 'programme', 5),
(1093, 217, 252, 0, 0, 7, 0, 0, 0, 0, 'false', 4, 'programme', 6),
(1094, 226, 216, 0, 0, 7, 0, 0, 0, 0, 'false', 4, 'programme', 7),
(1095, 236, 269, 0, 0, 7, 0, 0, 0, 0, 'false', 4, 'programme', 8),
(1096, 237, 213, 0, 0, 7, 0, 0, 0, 0, 'false', 4, 'programme', 9),
(1097, 246, 278, 0, 0, 7, 0, 0, 0, 0, 'false', 4, 'programme', 10),
(1098, 272, 274, 0, 0, 7, 0, 0, 0, 0, 'false', 4, 'programme', 11),
(1099, 260, 225, 0, 0, 7, 0, 0, 0, 0, 'false', 4, 'programme', 12),
(1100, 222, 256, 0, 0, 7, 0, 0, 0, 0, 'false', 4, 'programme', 13),
(1101, 254, 243, 0, 0, 7, 0, 0, 0, 0, 'false', 4, 'programme', 14),
(1102, 263, 248, 0, 0, 7, 0, 0, 0, 0, 'false', 4, 'programme', 15),
(1103, 240, 218, 0, 0, 7, 0, 0, 0, 0, 'false', 4, 'programme', 16),
(1104, 233, 257, 0, 0, 7, 0, 0, 0, 0, 'false', 4, 'programme', 17),
(1105, 271, 265, 0, 0, 7, 0, 0, 0, 0, 'false', 4, 'programme', 18),
(1106, 212, 211, 0, 0, 7, 0, 0, 0, 0, 'false', 4, 'programme', 19),
(1107, 215, 268, 0, 0, 7, 0, 0, 0, 0, 'false', 4, 'programme', 20),
(1108, 223, 253, 0, 0, 7, 0, 0, 0, 0, 'false', 4, 'programme', 21),
(1109, 277, 235, 0, 0, 7, 0, 0, 0, 0, 'false', 4, 'programme', 22),
(1110, 276, 250, 0, 0, 7, 0, 0, 0, 0, 'false', 4, 'programme', 23),
(1111, 249, 264, 0, 0, 7, 0, 0, 0, 0, 'false', 4, 'programme', 24),
(1112, 219, 251, 0, 0, 7, 0, 0, 0, 0, 'false', 4, 'programme', 25),
(1113, 232, 255, 0, 0, 7, 0, 0, 0, 0, 'false', 4, 'programme', 26),
(1114, 238, 229, 0, 0, 7, 0, 0, 0, 0, 'false', 4, 'programme', 27),
(1115, 242, 279, 0, 0, 7, 0, 0, 0, 0, 'false', 4, 'programme', 28),
(1116, 234, 230, 0, 0, 7, 0, 0, 0, 0, 'false', 4, 'programme', 29),
(1117, 247, 273, 0, 0, 7, 0, 0, 0, 0, 'false', 4, 'programme', 30),
(1118, 262, 241, 0, 0, 7, 0, 0, 0, 0, 'false', 4, 'programme', 31),
(1119, 221, 275, 0, 0, 7, 0, 0, 0, 0, 'false', 4, 'programme', 32),
(1120, 261, 244, 0, 0, 7, 0, 0, 0, 0, 'false', 4, 'programme', 33),
(1121, 270, 245, 0, 0, 7, 0, 0, 0, 0, 'false', 4, 'programme', 34),
(1122, 287, 314, 2, 1, 1, 5, 1, 5, 2, 'false', 5, 'resume', 9),
(1123, 313, 312, 1, 1, 1, 3, 3, 0, 0, 'false', 5, 'resume', 18),
(1124, 311, 282, 1, 2, 1, 1, 5, 0, 2, 'false', 5, 'resume', 14),
(1125, 310, 290, 2, 0, 1, 5, 0, 1, 0, 'false', 5, 'resume', 5),
(1126, 308, 309, 2, 1, 1, 5, 1, 3, 1, 'false', 5, 'resume', 2),
(1127, 307, 306, 2, 1, 1, 5, 1, 5, 0, 'false', 5, 'resume', 1),
(1128, 305, 284, 1, 2, 1, 1, 5, 3, 2, 'false', 5, 'resume', 12),
(1129, 304, 285, 4, 0, 1, 5, 0, 1, 2, 'false', 5, 'resume', 13),
(1130, 288, 281, 1, 2, 1, 1, 5, 2, 1, 'false', 5, 'resume', 15),
(1131, 303, 286, 0, 1, 1, 1, 5, 0, 3, 'false', 5, 'resume', 7),
(1132, 302, 301, 1, 1, 1, 3, 3, 3, 1, 'false', 5, 'resume', 16),
(1133, 291, 300, 1, 2, 1, 1, 5, 2, 1, 'false', 5, 'resume', 11),
(1134, 298, 299, 1, 2, 1, 1, 5, 0, 3, 'false', 5, 'resume', 3),
(1135, 296, 297, 1, 2, 1, 1, 5, 0, 3, 'false', 5, 'resume', 4),
(1136, 283, 289, 2, 4, 1, 0, 5, 4, 2, 'false', 5, 'resume', 6),
(1137, 295, 294, 2, 0, 1, 5, 0, 2, 1, 'false', 5, 'resume', 8),
(1138, 292, 293, 2, 2, 1, 3, 3, 2, 2, 'false', 5, 'resume', 10),
(1139, 315, 316, 2, 1, 1, 5, 1, 1, 1, 'false', 5, 'resume', 17),
(1140, 297, 281, 0, 1, 2, 1, 5, 1, 1, 'false', 5, 'resume', 1),
(1141, 300, 307, 1, 2, 2, 1, 5, 2, 1, 'false', 5, 'resume', 2),
(1142, 299, 287, 1, 2, 2, 1, 5, 3, 2, 'false', 5, 'resume', 3),
(1143, 282, 286, 1, 1, 2, 3, 3, 2, 0, 'false', 5, 'resume', 4),
(1144, 284, 315, 1, 1, 2, 3, 3, 1, 4, 'false', 5, 'resume', 5),
(1145, 308, 310, 0, 2, 2, 0, 5, 1, 3, 'false', 5, 'resume', 6),
(1146, 295, 289, 2, 0, 2, 5, 0, 2, 3, 'false', 5, 'resume', 7),
(1147, 304, 302, 2, 1, 2, 5, 1, 0, 4, 'false', 5, 'resume', 8),
(1148, 301, 293, 1, 0, 2, 5, 1, 2, 1, 'false', 5, 'resume', 9),
(1149, 312, 292, 1, 0, 2, 5, 1, 5, 1, 'false', 5, 'resume', 10),
(1152, 311, 298, 3, 2, 2, 5, 1, 0, 0, 'false', 5, 'resume', 13),
(1153, 291, 288, 0, 1, 2, 1, 5, 2, 2, 'false', 5, 'resume', 14),
(1154, 306, 296, 7, 3, 2, 5, 0, 0, 2, 'false', 5, 'resume', 15),
(1155, 305, 303, 1, 1, 2, 3, 3, 1, 2, 'false', 5, 'resume', 16),
(1158, 285, 294, 0, 2, 2, 0, 5, 2, 4, 'false', 5, 'resume', 18),
(1159, 313, 314, 1, 2, 2, 1, 5, 6, 2, 'false', 5, 'resume', 11),
(1160, 290, 283, 1, 0, 2, 5, 1, 2, 2, 'false', 5, 'resume', 17),
(1161, 316, 309, 1, 1, 2, 3, 3, 1, 0, 'false', 5, 'resume', 12),
(1164, 310, 304, 0, 2, 3, 0, 5, 1, 2, 'false', 5, 'resume', 3),
(1165, 282, 284, 1, 1, 3, 3, 3, 2, 1, 'false', 5, 'resume', 4),
(1166, 286, 315, 0, 1, 3, 1, 5, 2, 4, 'false', 5, 'resume', 5),
(1167, 301, 312, 0, 1, 3, 1, 5, 2, 5, 'false', 5, 'resume', 6),
(1168, 314, 300, 0, 2, 3, 0, 5, 3, 2, 'false', 5, 'resume', 7),
(1169, 288, 299, 1, 0, 3, 5, 1, 2, 4, 'false', 5, 'resume', 8),
(1170, 297, 306, 2, 3, 3, 1, 5, 3, 1, 'false', 5, 'resume', 9),
(1171, 311, 308, 0, 1, 3, 1, 5, 0, 4, 'false', 5, 'resume', 10),
(1172, 289, 290, 1, 0, 3, 5, 1, 0, 3, 'false', 5, 'resume', 11),
(1173, 294, 302, 0, 1, 3, 1, 5, 2, 1, 'false', 5, 'resume', 12),
(1176, 293, 305, 1, 0, 3, 5, 1, 3, 2, 'false', 5, 'resume', 15),
(1177, 309, 298, 2, 1, 3, 5, 1, 8, 0, 'false', 5, 'resume', 16),
(1178, 291, 296, 1, 0, 3, 5, 1, 2, 1, 'false', 5, 'resume', 17),
(1179, 283, 285, 0, 3, 3, 0, 5, 0, 8, 'false', 5, 'resume', 18),
(1180, 295, 307, 0, 2, 3, 0, 5, 0, 0, 'false', 5, 'resume', 2),
(1181, 292, 313, 1, 2, 3, 1, 5, 1, 4, 'false', 5, 'resume', 13),
(1182, 303, 316, 1, 0, 3, 5, 1, 0, 1, 'false', 5, 'resume', 14),
(1183, 281, 287, 0, 2, 3, 0, 5, 2, 3, 'false', 5, 'resume', 1),
(1184, 307, 304, 0, 5, 4, 0, 5, 1, 2, 'false', 5, 'resume', 1),
(1185, 287, 315, 2, 0, 4, 5, 0, 3, 1, 'false', 5, 'resume', 2),
(1186, 312, 284, 0, 3, 4, 0, 5, 3, 2, 'false', 5, 'resume', 3),
(1187, 300, 282, 2, 1, 4, 5, 1, 3, 0, 'false', 5, 'resume', 4),
(1188, 306, 288, 2, 3, 4, 1, 5, 2, 5, 'false', 5, 'resume', 5),
(1189, 281, 295, 1, 2, 4, 1, 5, 3, 1, 'false', 5, 'resume', 6),
(1190, 310, 289, 3, 1, 4, 5, 0, 4, 1, 'false', 5, 'resume', 7),
(1191, 308, 286, 1, 2, 4, 1, 5, 0, 3, 'false', 5, 'resume', 8),
(1192, 301, 313, 2, 1, 4, 5, 1, 3, 0, 'false', 5, 'resume', 9),
(1193, 302, 303, 1, 0, 4, 5, 1, 0, 1, 'false', 5, 'resume', 10),
(1194, 293, 309, 1, 1, 4, 3, 3, 2, 0, 'false', 5, 'resume', 11),
(1195, 299, 311, 2, 0, 4, 5, 0, 3, 0, 'false', 5, 'resume', 12),
(1196, 291, 297, 1, 2, 4, 1, 5, 3, 1, 'false', 5, 'resume', 13),
(1197, 314, 294, 2, 0, 4, 5, 0, 2, 4, 'false', 5, 'resume', 14),
(1198, 290, 316, 0, 2, 4, 0, 5, 0, 0, 'false', 5, 'resume', 15),
(1199, 292, 305, 2, 0, 4, 5, 0, 4, 1, 'false', 5, 'resume', 16),
(1200, 285, 298, 0, 4, 4, 0, 5, 0, 1, 'false', 5, 'resume', 17),
(1201, 296, 283, 3, 2, 4, 5, 1, 4, 1, 'false', 5, 'resume', 18),
(1202, 304, 287, 1, 2, 5, 1, 5, 2, 0, 'true', 5, 'resume', 1),
(1206, 302, 286, 3, 0, 5, 5, 0, 3, 1, 'false', 5, 'resume', 5),
(1207, 301, 315, 0, 1, 5, 1, 5, 0, 2, 'false', 5, 'resume', 6),
(1208, 312, 282, 1, 2, 5, 1, 5, 1, 0, 'false', 5, 'resume', 7),
(1209, 299, 306, 2, 2, 5, 3, 3, 4, 1, 'false', 5, 'resume', 8),
(1210, 309, 297, 2, 1, 5, 5, 1, 0, 3, 'false', 5, 'resume', 9),
(1211, 293, 281, 1, 1, 5, 3, 3, 2, 0, 'false', 5, 'resume', 10),
(1215, 289, 291, 2, 1, 5, 5, 1, 0, 3, 'false', 5, 'resume', 14),
(1216, 298, 296, 2, 2, 5, 3, 3, 1, 1, 'false', 5, 'resume', 15),
(1217, 311, 294, 2, 1, 5, 5, 1, 0, 4, 'false', 5, 'resume', 16),
(1220, 290, 285, 2, 0, 5, 5, 0, 1, 1, 'false', 5, 'resume', 18),
(1221, 283, 305, 1, 2, 5, 1, 5, 2, 3, 'false', 5, 'resume', 17),
(1222, 316, 292, 0, 3, 5, 0, 5, 4, 1, 'false', 5, 'resume', 13),
(1223, 310, 307, 2, 0, 5, 5, -1, 1, 0, 'false', 5, 'resume', 4),
(1224, 288, 284, 1, 2, 5, 1, 5, 3, 0, 'false', 5, 'resume', 2),
(1225, 300, 295, 0, 1, 5, 1, 5, 3, 0, 'false', 5, 'resume', 3),
(1226, 313, 308, 1, 2, 5, 1, 5, 6, 2, 'false', 5, 'resume', 12),
(1227, 303, 314, 2, 3, 5, 1, 5, 3, 0, 'false', 5, 'resume', 11),
(1228, 321, 324, 0, 3, 1, 0, 5, 0, 6, 'false', 6, 'resume', 1),
(1229, 360, 329, 1, 2, 1, 1, 5, 1, 4, 'false', 6, 'resume', 2),
(1230, 361, 341, 0, 1, 1, 1, 5, 0, 1, 'false', 6, 'resume', 3),
(1231, 326, 335, 1, 3, 1, 0, 5, 3, 4, 'false', 6, 'resume', 4),
(1232, 343, 342, 1, 1, 1, 3, 3, 4, 0, 'false', 6, 'resume', 5),
(1233, 348, 354, 0, 0, 1, 3, 3, 3, 2, 'false', 6, 'resume', 6),
(1234, 327, 331, 2, 2, 1, 3, 3, 2, 3, 'false', 6, 'resume', 7),
(1235, 344, 339, 2, 0, 1, 5, 0, 3, 5, 'false', 6, 'resume', 8),
(1236, 355, 352, 3, 0, 1, 5, 0, 1, 1, 'false', 6, 'resume', 9),
(1237, 319, 328, 2, 1, 1, 5, 1, 5, 0, 'false', 6, 'resume', 10),
(1238, 322, 332, 0, 3, 1, 0, 5, 2, 3, 'false', 6, 'resume', 11),
(1239, 336, 337, 5, 1, 1, 5, 0, 2, 1, 'false', 6, 'resume', 12),
(1240, 357, 330, 0, 3, 1, 0, 5, 0, 2, 'false', 6, 'resume', 13),
(1241, 323, 334, 0, 2, 1, 0, 5, 2, 1, 'false', 6, 'resume', 14),
(1242, 325, 349, 0, 1, 1, 1, 5, 0, 4, 'false', 6, 'resume', 15),
(1243, 338, 340, 1, 4, 1, 0, 5, 3, 2, 'false', 6, 'resume', 16),
(1244, 347, 345, 1, 1, 1, 3, 3, 0, 2, 'false', 6, 'resume', 17),
(1245, 350, 359, 2, 3, 1, 1, 5, 1, 1, 'false', 6, 'resume', 18),
(1246, 320, 351, 2, 0, 1, 5, 0, 4, 0, 'false', 6, 'resume', 19),
(1247, 346, 353, 0, 2, 1, 0, 5, 2, 4, 'false', 6, 'resume', 20),
(1248, 358, 356, 1, 1, 1, 3, 3, 4, 1, 'false', 6, 'resume', 21),
(1249, 336, 324, 2, 1, 2, 5, 1, 2, 1, 'false', 6, 'resume', 1),
(1250, 332, 330, 0, 3, 2, 0, 5, 0, 2, 'false', 6, 'resume', 2),
(1251, 340, 355, 3, 2, 2, 5, 1, 3, 2, 'false', 6, 'resume', 3),
(1252, 353, 335, 2, 3, 2, 1, 5, 5, 1, 'false', 6, 'resume', 4),
(1253, 320, 344, 2, 1, 2, 5, 1, 2, 2, 'false', 6, 'resume', 5),
(1254, 334, 319, 1, 2, 2, 1, 5, 2, 2, 'false', 6, 'resume', 6),
(1255, 349, 329, 2, 0, 2, 5, 0, 5, 0, 'false', 6, 'resume', 7),
(1256, 341, 359, 2, 3, 2, 1, 5, 0, 1, 'false', 6, 'resume', 8),
(1257, 343, 358, 1, 0, 2, 5, 1, 1, 2, 'false', 6, 'resume', 9),
(1258, 331, 348, 1, 1, 2, 3, 3, 1, 2, 'false', 6, 'resume', 10),
(1259, 345, 354, 1, 1, 2, 3, 3, 2, 0, 'false', 6, 'resume', 11),
(1260, 327, 356, 3, 3, 2, 3, 3, 0, 5, 'false', 6, 'resume', 12),
(1261, 347, 342, 3, 0, 2, 5, 0, 5, 2, 'false', 6, 'resume', 13),
(1262, 350, 360, 1, 2, 2, 1, 5, 3, 1, 'false', 6, 'resume', 14),
(1263, 328, 325, 1, 1, 2, 3, 3, 1, 0, 'false', 6, 'resume', 15),
(1264, 361, 339, 0, 1, 2, 1, 5, 1, 0, 'false', 6, 'resume', 16),
(1265, 326, 346, 3, 2, 2, 5, 1, 3, 1, 'false', 6, 'resume', 17),
(1266, 323, 351, 0, 2, 2, 0, 5, 1, 0, 'false', 6, 'resume', 18),
(1267, 338, 322, 1, 1, 2, 3, 3, 2, 4, 'false', 6, 'resume', 19),
(1268, 352, 321, 3, 2, 2, 5, 1, 3, 1, 'false', 6, 'resume', 20),
(1269, 357, 337, 2, 2, 2, 3, 3, 3, 1, 'false', 6, 'resume', 21),
(1270, 320, 335, 2, 1, 3, 5, 1, 5, 2, 'false', 6, 'resume', 1),
(1272, 340, 349, 0, 3, 3, 0, 5, 0, 4, 'false', 6, 'resume', 3),
(1273, 319, 359, 1, 1, 3, 3, 3, 1, 2, 'false', 6, 'resume', 4),
(1274, 347, 343, 1, 1, 3, 3, 3, 1, 0, 'false', 6, 'resume', 5),
(1275, 355, 345, 2, 1, 3, 5, 1, 0, 3, 'false', 6, 'resume', 6),
(1276, 344, 324, 1, 1, 3, 3, 3, 3, 2, 'false', 6, 'resume', 7),
(1277, 353, 348, 1, 0, 3, 5, 1, 3, 3, 'false', 6, 'resume', 8),
(1278, 331, 354, 1, 3, 3, 0, 5, 3, 0, 'false', 6, 'resume', 9),
(1279, 327, 341, 2, 1, 3, 5, 1, 3, 1, 'false', 6, 'resume', 10),
(1280, 334, 356, 4, 1, 3, 5, 0, 1, 1, 'false', 6, 'resume', 11),
(1282, 329, 351, 0, 2, 3, 0, 5, 2, 2, 'false', 6, 'resume', 13),
(1283, 326, 339, 2, 1, 3, 5, 1, 3, 4, 'false', 6, 'resume', 14),
(1284, 352, 358, 1, 1, 3, 3, 3, 0, 2, 'false', 6, 'resume', 15),
(1285, 328, 342, 4, 2, 3, 5, 0, 6, 0, 'false', 6, 'resume', 16),
(1286, 325, 322, 1, 0, 3, 5, 1, 2, 2, 'false', 6, 'resume', 17),
(1287, 338, 337, 2, 1, 3, 5, 1, 3, 0, 'false', 6, 'resume', 18),
(1288, 357, 350, 1, 1, 3, 3, 3, 1, 1, 'false', 6, 'resume', 19),
(1289, 361, 346, 2, 0, 3, 5, 0, 3, 1, 'false', 6, 'resume', 20),
(1290, 321, 323, 1, 1, 3, 3, 3, 0, 1, 'false', 6, 'resume', 21),
(1291, 336, 330, 2, 1, 3, 5, 1, 1, 1, 'false', 6, 'resume', 2),
(1292, 332, 360, 4, 2, 3, 5, 0, 2, 2, 'false', 6, 'resume', 12),
(1293, 320, 349, 3, 0, 4, 5, 0, 6, 1, 'false', 6, 'resume', 1),
(1294, 336, 359, 4, 3, 4, 5, 1, 1, 2, 'false', 6, 'resume', 2),
(1295, 319, 335, 1, 1, 4, 3, 3, 3, 1, 'false', 6, 'resume', 3),
(1296, 330, 355, 2, 0, 4, 5, 0, 2, 0, 'false', 6, 'resume', 4),
(1297, 334, 347, 1, 3, 4, 0, 5, 2, 4, 'false', 6, 'resume', 5),
(1298, 343, 353, 1, 2, 4, 1, 5, 2, 0, 'false', 6, 'resume', 6),
(1299, 354, 327, 6, 2, 4, 5, 0, 4, 0, 'false', 6, 'resume', 7),
(1300, 340, 351, 3, 3, 4, 3, 3, 3, 3, 'false', 6, 'resume', 8),
(1301, 332, 326, 5, 0, 4, 5, 0, 1, 1, 'false', 6, 'resume', 9),
(1302, 344, 325, 2, 1, 4, 5, 1, 1, 3, 'false', 6, 'resume', 10),
(1303, 324, 328, 1, 1, 4, 3, 3, 0, 0, 'false', 6, 'resume', 11),
(1304, 352, 338, 0, 1, 4, 1, 5, 0, 4, 'false', 6, 'resume', 12),
(1305, 341, 348, 1, 1, 4, 3, 3, 0, 5, 'false', 6, 'resume', 13),
(1306, 358, 361, 0, 2, 4, 0, 5, 1, 0, 'false', 6, 'resume', 14),
(1307, 345, 331, 0, 1, 4, 1, 5, 1, 2, 'false', 6, 'resume', 15),
(1308, 356, 339, 3, 1, 4, 5, 0, 1, 2, 'false', 6, 'resume', 16),
(1309, 360, 357, 2, 0, 4, 5, 0, 1, 2, 'false', 6, 'resume', 17),
(1310, 329, 350, 3, 3, 4, 3, 3, 4, 0, 'false', 6, 'resume', 18),
(1311, 337, 322, 1, 2, 4, 1, 5, 1, 4, 'false', 6, 'resume', 19),
(1312, 321, 342, 2, 3, 4, 1, 5, 2, 2, 'false', 6, 'resume', 20),
(1313, 323, 346, 2, 1, 4, 5, 1, 1, 3, 'false', 6, 'resume', 21),
(1356, 320, 336, 4, 3, 5, 5, 1, 2, 0, 'true', 6, 'resume', 1),
(1357, 330, 319, 1, 2, 5, 1, 5, 1, 1, 'false', 6, 'resume', 2),
(1358, 354, 347, 1, 1, 5, 3, 3, 0, 3, 'false', 6, 'resume', 3),
(1359, 353, 349, 2, 0, 5, 5, 0, 3, 1, 'false', 6, 'resume', 4),
(1360, 332, 335, 2, 3, 5, 1, 5, 5, 3, 'false', 6, 'resume', 5),
(1361, 359, 344, 1, 2, 5, 1, 5, 0, 2, 'false', 6, 'resume', 6),
(1362, 340, 324, 3, 2, 5, 5, 1, 1, 2, 'false', 6, 'resume', 7),
(1363, 351, 338, 4, 1, 5, 5, 0, 1, 3, 'false', 6, 'resume', 8),
(1364, 328, 343, 2, 1, 5, 5, 1, 0, 2, 'false', 6, 'resume', 9),
(1365, 361, 334, 1, 2, 5, 1, 5, 1, 2, 'false', 6, 'resume', 10),
(1366, 327, 360, 2, 1, 5, 5, 1, 2, 1, 'false', 6, 'resume', 11),
(1367, 355, 331, 3, 3, 5, 3, 3, 3, 4, 'false', 6, 'resume', 12),
(1368, 356, 348, 3, 0, 5, 5, 0, 1, 4, 'false', 6, 'resume', 13),
(1369, 325, 341, 2, 2, 5, 3, 3, 3, 0, 'false', 6, 'resume', 14),
(1370, 326, 322, 1, 2, 5, 1, 5, 3, 3, 'false', 6, 'resume', 15),
(1371, 352, 329, 1, 2, 5, 1, 5, 0, 1, 'false', 6, 'resume', 16),
(1372, 342, 350, 3, 3, 5, 3, 3, 0, 0, 'false', 6, 'resume', 17),
(1373, 323, 345, 0, 1, 5, 1, 5, 1, 3, 'false', 6, 'resume', 18),
(1374, 358, 339, 0, 1, 5, 1, 5, 2, 2, 'false', 6, 'resume', 19),
(1375, 357, 321, 1, 0, 5, 5, 1, 2, 2, 'false', 6, 'resume', 20),
(1376, 337, 346, 3, 1, 5, 5, 0, 4, 1, 'false', 6, 'resume', 21),
(1377, 364, 380, 2, 1, 1, 5, 1, 2, 1, 'false', 7, 'resume', 1),
(1378, 378, 386, 1, 0, 1, 5, 1, 2, 2, 'false', 7, 'resume', 2),
(1379, 387, 393, 2, 1, 1, 5, 1, 1, 1, 'false', 7, 'resume', 3),
(1380, 365, 367, 0, 3, 1, 0, 5, 0, 3, 'false', 7, 'resume', 4),
(1381, 373, 369, 1, 0, 1, 5, 1, 1, 1, 'false', 7, 'resume', 5),
(1382, 374, 397, 3, 3, 1, 3, 3, 2, 3, 'false', 7, 'resume', 6),
(1383, 362, 389, 2, 0, 1, 5, 0, 0, 0, 'false', 7, 'resume', 7),
(1384, 368, 390, 1, 2, 1, 1, 5, 1, 0, 'false', 7, 'resume', 8),
(1385, 379, 391, 2, 1, 1, 5, 1, 0, 1, 'false', 7, 'resume', 9),
(1386, 370, 382, 1, 1, 1, 3, 3, 1, 0, 'false', 7, 'resume', 10),
(1387, 377, 383, 2, 4, 1, 0, 5, 2, 1, 'false', 7, 'resume', 11),
(1388, 399, 384, 3, 0, 1, 5, 0, 3, 1, 'false', 7, 'resume', 12),
(1389, 363, 372, 2, 1, 1, 5, 1, 1, 0, 'false', 7, 'resume', 13),
(1390, 371, 385, 4, 2, 1, 5, 0, 2, 0, 'false', 7, 'resume', 14),
(1391, 388, 395, 1, 2, 1, 1, 5, 1, 2, 'false', 7, 'resume', 15),
(1392, 375, 394, 3, 3, 1, 3, 3, 1, 2, 'false', 7, 'resume', 16),
(1393, 376, 396, 1, 1, 1, 3, 3, 2, 2, 'false', 7, 'resume', 17),
(1394, 381, 398, 2, 3, 1, 1, 5, 1, 1, 'false', 7, 'resume', 18),
(1395, 392, 366, 3, 0, 1, 5, 0, 3, 0, 'false', 7, 'resume', 19),
(1396, 392, 367, 1, 2, 2, 1, 5, 1, 1, 'false', 7, 'resume', 1),
(1397, 399, 371, 1, 0, 2, 5, 1, 3, 3, 'false', 7, 'resume', 2),
(1398, 383, 362, 1, 0, 2, 5, 1, 0, 1, 'false', 7, 'resume', 3),
(1399, 364, 395, 1, 1, 2, 3, 3, 1, 3, 'false', 7, 'resume', 4),
(1400, 378, 373, 3, 0, 2, 5, 0, 0, 2, 'false', 7, 'resume', 5),
(1401, 387, 363, 1, 1, 2, 3, 3, 4, 5, 'false', 7, 'resume', 6),
(1402, 398, 379, 5, 1, 2, 5, 0, 1, 4, 'false', 7, 'resume', 7),
(1403, 390, 397, 1, 0, 2, 5, 1, 4, 2, 'false', 7, 'resume', 8),
(1404, 374, 396, 0, 2, 2, 0, 5, 1, 3, 'false', 7, 'resume', 9),
(1405, 376, 394, 2, 0, 2, 5, 0, 4, 0, 'false', 7, 'resume', 10),
(1406, 370, 375, 2, 0, 2, 5, 0, 4, 0, 'false', 7, 'resume', 11),
(1407, 382, 386, 1, 1, 2, 3, 3, 3, 2, 'false', 7, 'resume', 12),
(1408, 393, 391, 2, 1, 2, 5, 1, 0, 4, 'false', 7, 'resume', 13),
(1409, 380, 381, 1, 1, 2, 3, 3, 1, 2, 'false', 7, 'resume', 14),
(1410, 369, 368, 0, 1, 2, 1, 5, 0, 3, 'false', 7, 'resume', 15),
(1411, 388, 372, 1, 2, 2, 1, 5, 0, 2, 'false', 7, 'resume', 16),
(1412, 377, 389, 3, 2, 2, 5, 1, 1, 1, 'false', 7, 'resume', 17),
(1413, 385, 384, 1, 1, 2, 3, 3, 0, 3, 'false', 7, 'resume', 18),
(1414, 365, 366, 3, 0, 2, 5, 0, 1, 1, 'false', 7, 'resume', 19),
(1415, 367, 383, 2, 2, 3, 3, 3, 4, 0, 'false', 7, 'resume', 1),
(1416, 398, 399, 2, 2, 3, 3, 3, 1, 1, 'false', 7, 'resume', 2),
(1417, 378, 390, 1, 2, 3, 1, 5, 4, 2, 'false', 7, 'resume', 3),
(1418, 363, 376, 1, 2, 3, 1, 5, 0, 1, 'false', 7, 'resume', 4),
(1419, 387, 396, 0, 1, 3, 1, 5, 3, 3, 'false', 7, 'resume', 5),
(1420, 364, 370, 0, 1, 3, 1, 5, 1, 3, 'false', 7, 'resume', 6),
(1421, 395, 371, 2, 0, 3, 5, 0, 3, 0, 'false', 7, 'resume', 7),
(1422, 362, 382, 0, 1, 3, 1, 5, 2, 3, 'false', 7, 'resume', 8),
(1423, 368, 392, 1, 0, 3, 5, 1, 1, 0, 'false', 7, 'resume', 9),
(1424, 372, 393, 2, 3, 3, 1, 5, 0, 2, 'false', 7, 'resume', 10),
(1425, 373, 379, 1, 1, 3, 3, 3, 2, 1, 'false', 7, 'resume', 11),
(1426, 365, 377, 2, 3, 3, 1, 5, 2, 4, 'false', 7, 'resume', 12),
(1427, 386, 381, 2, 0, 3, 5, 0, 3, 0, 'false', 7, 'resume', 13),
(1428, 397, 380, 1, 1, 3, 3, 3, 0, 2, 'false', 7, 'resume', 14),
(1429, 384, 374, 4, 0, 3, 5, 0, 5, 2, 'false', 7, 'resume', 15),
(1430, 394, 385, 5, 1, 3, 5, 0, 6, 2, 'false', 7, 'resume', 16),
(1431, 375, 388, 2, 1, 3, 5, 1, 2, 2, 'false', 7, 'resume', 17),
(1432, 391, 369, 1, 2, 3, 1, 5, 2, 2, 'false', 7, 'resume', 18),
(1433, 389, 366, 1, 4, 3, 0, 5, 0, 2, 'false', 7, 'resume', 19),
(1471, 390, 376, 0, 1, 4, 1, 5, 0, 3, 'false', 7, 'resume', 1),
(1472, 383, 370, 1, 0, 4, 5, 1, 3, 1, 'false', 7, 'resume', 2),
(1473, 399, 367, 1, 2, 4, 1, 5, 2, 0, 'false', 7, 'resume', 3),
(1474, 398, 395, 4, 0, 4, 5, 0, 2, 2, 'false', 7, 'resume', 4),
(1475, 396, 378, 1, 1, 4, 3, 3, 1, 1, 'false', 7, 'resume', 5),
(1476, 382, 368, 1, 1, 4, 3, 3, 2, 2, 'false', 7, 'resume', 6),
(1477, 393, 377, 3, 2, 4, 5, 1, 0, 0, 'false', 7, 'resume', 7),
(1478, 387, 386, 1, 0, 4, 5, 1, 3, 5, 'false', 7, 'resume', 8),
(1479, 364, 363, 2, 1, 4, 5, 1, 2, 2, 'false', 7, 'resume', 9),
(1480, 373, 394, 0, 3, 4, 0, 5, 1, 4, 'false', 7, 'resume', 10),
(1481, 375, 379, 1, 3, 4, 0, 5, 3, 2, 'false', 7, 'resume', 11),
(1482, 384, 392, 2, 1, 4, 5, 1, 2, 0, 'false', 7, 'resume', 12),
(1483, 362, 397, 1, 2, 4, 1, 5, 2, 2, 'false', 7, 'resume', 13),
(1484, 372, 369, 2, 1, 4, 5, 1, 1, 1, 'false', 7, 'resume', 14),
(1485, 380, 371, 1, 0, 4, 5, 1, 1, 1, 'false', 7, 'resume', 15),
(1486, 365, 381, 2, 1, 4, 5, 1, 2, 0, 'false', 7, 'resume', 16),
(1487, 366, 374, 0, 4, 4, 0, 5, 1, 0, 'false', 7, 'resume', 17),
(1488, 388, 391, 2, 0, 4, 5, 0, 3, 2, 'false', 7, 'resume', 18),
(1489, 385, 389, 3, 1, 4, 5, 0, 1, 0, 'false', 7, 'resume', 19),
(1490, 376, 367, 0, 1, 5, 1, 5, 4, 2, 'true', 7, 'resume', 1),
(1491, 383, 398, 1, 2, 5, 1, 5, 3, 1, 'false', 7, 'resume', 2),
(1492, 390, 396, 0, 2, 5, 0, 5, 0, 2, 'false', 7, 'resume', 3),
(1493, 393, 399, 0, 3, 5, 0, 5, 0, 4, 'false', 7, 'resume', 4),
(1494, 370, 387, 1, 1, 5, 3, 3, 6, 2, 'false', 7, 'resume', 5),
(1495, 378, 382, 2, 0, 5, 5, 0, 4, 1, 'false', 7, 'resume', 6),
(1496, 364, 368, 1, 1, 5, 3, 3, 0, 3, 'false', 7, 'resume', 7),
(1497, 395, 394, 0, 2, 5, 0, 5, 0, 1, 'false', 7, 'resume', 8),
(1498, 384, 379, 1, 2, 5, 1, 5, 1, 1, 'false', 7, 'resume', 9),
(1499, 397, 372, 0, 2, 5, 0, 5, 1, 2, 'false', 7, 'resume', 10),
(1500, 380, 377, 1, 1, 5, 3, 3, 3, 1, 'false', 7, 'resume', 11),
(1501, 365, 363, 2, 0, 5, 5, 0, 2, 1, 'false', 7, 'resume', 12),
(1502, 386, 392, 1, 0, 5, 5, 1, 3, 1, 'false', 7, 'resume', 13),
(1503, 375, 373, 1, 1, 5, 3, 3, 1, 1, 'false', 7, 'resume', 14),
(1504, 374, 362, 1, 1, 5, 3, 3, 2, 0, 'false', 7, 'resume', 15),
(1505, 388, 369, 0, 2, 5, 0, 5, 1, 4, 'false', 7, 'resume', 16),
(1506, 385, 381, 2, 2, 5, 3, 3, 2, 1, 'false', 7, 'resume', 17),
(1508, 391, 366, 0, 1, 5, 1, 5, 1, 0, 'false', 7, 'resume', 18),
(1509, 389, 371, 1, 4, 5, 0, 5, 0, 1, 'false', 7, 'resume', 19),
(1528, 403, 406, 1, 1, 1, 3, 3, 2, 1, 'false', 8, 'resume', 1),
(1529, 419, 409, 2, 1, 1, 5, 1, 3, 0, 'false', 8, 'resume', 2),
(1530, 426, 448, 1, 0, 1, 5, 1, 0, 1, 'false', 8, 'resume', 3),
(1531, 415, 431, 1, 2, 1, 1, 5, 1, 3, 'false', 8, 'resume', 4),
(1532, 416, 442, 1, 2, 1, 1, 5, 0, 4, 'false', 8, 'resume', 5),
(1533, 451, 446, 2, 0, 1, 5, 0, 3, 2, 'false', 8, 'resume', 6),
(1534, 400, 407, 2, 1, 1, 5, 1, 3, 1, 'false', 8, 'resume', 7),
(1535, 423, 408, 2, 1, 1, 5, 1, 3, 1, 'false', 8, 'resume', 8),
(1536, 429, 417, 1, 0, 1, 5, 1, 0, 2, 'false', 8, 'resume', 9),
(1537, 421, 422, 2, 0, 1, 5, 0, 4, 0, 'false', 8, 'resume', 10),
(1538, 444, 432, 2, 0, 1, 5, 0, 4, 0, 'false', 8, 'resume', 11),
(1539, 445, 449, 0, 2, 1, 0, 5, 0, 0, 'false', 8, 'resume', 12),
(1540, 401, 405, 2, 0, 1, 5, 0, 3, 0, 'false', 8, 'resume', 13),
(1541, 435, 410, 1, 0, 1, 5, 1, 4, 0, 'false', 8, 'resume', 14),
(1542, 437, 452, 0, 2, 1, 0, 5, 0, 1, 'false', 8, 'resume', 15),
(1543, 404, 430, 2, 1, 1, 5, 1, 0, 3, 'false', 8, 'resume', 16),
(1544, 436, 433, 0, 2, 1, 0, 5, 0, 4, 'false', 8, 'resume', 17),
(1545, 453, 440, 3, 2, 1, 5, 1, 1, 5, 'false', 8, 'resume', 18),
(1546, 424, 434, 1, 0, 1, 5, 1, 1, 0, 'false', 8, 'resume', 19),
(1547, 427, 439, 2, 1, 1, 5, 1, 3, 0, 'false', 8, 'resume', 20),
(1548, 450, 443, 4, 1, 1, 5, 0, 1, 1, 'false', 8, 'resume', 21),
(1549, 402, 418, 0, 2, 1, 0, 5, 2, 2, 'false', 8, 'resume', 22),
(1550, 411, 420, 1, 1, 1, 3, 3, 2, 0, 'false', 8, 'resume', 23),
(1551, 428, 425, 0, 3, 1, 0, 5, 0, 2, 'false', 8, 'resume', 24),
(1554, 414, 447, 4, 1, 1, 5, 0, 3, 0, 'false', 8, 'resume', 27),
(1555, 413, 438, 3, 1, 1, 5, 0, 2, 2, 'false', 8, 'resume', 25),
(1556, 441, 412, 2, 1, 1, 5, 1, 2, 1, 'false', 8, 'resume', 26),
(1557, 414, 425, 1, 2, 2, 1, 5, 2, 2, 'false', 8, 'resume', 1),
(1558, 450, 444, 2, 1, 2, 5, 1, 1, 2, 'false', 8, 'resume', 2),
(1559, 421, 433, 1, 1, 2, 3, 3, 2, 0, 'false', 8, 'resume', 3),
(1560, 401, 451, 3, 0, 2, 5, 0, 4, 2, 'false', 8, 'resume', 4),
(1561, 418, 413, 1, 0, 2, 5, 1, 1, 3, 'false', 8, 'resume', 5),
(1562, 452, 449, 1, 0, 2, 5, 1, 2, 1, 'false', 8, 'resume', 6),
(1563, 435, 442, 2, 0, 2, 5, 0, 0, 0, 'false', 8, 'resume', 7),
(1564, 419, 400, 0, 2, 2, 0, 5, 1, 1, 'false', 8, 'resume', 8),
(1565, 427, 431, 1, 0, 2, 5, 1, 2, 0, 'false', 8, 'resume', 9),
(1566, 423, 441, 3, 0, 2, 5, 0, 4, 0, 'false', 8, 'resume', 10),
(1567, 453, 424, 1, 1, 2, 3, 3, 2, 2, 'false', 8, 'resume', 11),
(1568, 429, 426, 2, 1, 2, 5, 1, 1, 1, 'false', 8, 'resume', 12),
(1569, 404, 403, 2, 0, 2, 5, 0, 3, 0, 'false', 8, 'resume', 13),
(1570, 411, 406, 0, 4, 2, 0, 5, 0, 1, 'false', 8, 'resume', 14),
(1571, 420, 440, 2, 1, 2, 5, 1, 2, 0, 'false', 8, 'resume', 15),
(1572, 430, 417, 0, 2, 2, 0, 5, 1, 0, 'false', 8, 'resume', 16),
(1573, 408, 448, 2, 0, 2, 5, 0, 1, 2, 'false', 8, 'resume', 17),
(1574, 415, 412, 2, 1, 2, 5, 1, 1, 1, 'false', 8, 'resume', 18),
(1575, 407, 409, 1, 1, 2, 3, 3, 1, 5, 'false', 8, 'resume', 19),
(1576, 439, 410, 2, 1, 2, 5, 1, 0, 1, 'false', 8, 'resume', 20),
(1577, 416, 434, 1, 1, 2, 3, 3, 1, 2, 'false', 8, 'resume', 21),
(1578, 446, 402, 1, 2, 2, 1, 5, 0, 2, 'false', 8, 'resume', 22),
(1579, 438, 405, 1, 2, 2, 1, 5, 1, 3, 'false', 8, 'resume', 23),
(1580, 436, 432, 1, 1, 2, 3, 3, 1, 1, 'false', 8, 'resume', 24),
(1581, 445, 437, 0, 3, 2, 0, 5, 1, 0, 'false', 8, 'resume', 25),
(1582, 422, 443, 1, 2, 2, 1, 5, 0, 3, 'false', 8, 'resume', 26),
(1583, 428, 447, 1, 0, 2, 5, 1, 4, 3, 'false', 8, 'resume', 27),
(1585, 401, 423, 1, 1, 3, 3, 3, 2, 0, 'false', 8, 'resume', 1),
(1586, 425, 450, 1, 2, 3, 1, 5, 2, 1, 'false', 8, 'resume', 2),
(1587, 418, 452, 0, 1, 3, 1, 5, 1, 3, 'false', 8, 'resume', 3),
(1588, 427, 429, 1, 1, 3, 3, 3, 3, 1, 'false', 8, 'resume', 4),
(1590, 404, 433, 1, 2, 3, 1, 5, 1, 2, 'false', 8, 'resume', 6),
(1591, 424, 421, 1, 0, 3, 5, 1, 2, 0, 'false', 8, 'resume', 7),
(1592, 453, 406, 2, 4, 3, 0, 5, 1, 2, 'false', 8, 'resume', 8),
(1593, 420, 431, 0, 2, 3, 0, 5, 0, 2, 'false', 8, 'resume', 9),
(1594, 444, 414, 2, 1, 3, 5, 1, 3, 0, 'false', 8, 'resume', 10),
(1595, 413, 408, 3, 2, 3, 5, 1, 1, 2, 'false', 8, 'resume', 11),
(1596, 417, 439, 0, 1, 3, 1, 5, 2, 0, 'false', 8, 'resume', 12),
(1597, 449, 426, 1, 2, 3, 1, 5, 2, 1, 'false', 8, 'resume', 13),
(1599, 442, 451, 2, 1, 3, 5, 1, 5, 0, 'false', 8, 'resume', 15),
(1600, 441, 437, 0, 3, 3, 0, 5, 4, 0, 'false', 8, 'resume', 16),
(1601, 402, 405, 2, 1, 3, 5, 1, 0, 2, 'false', 8, 'resume', 17),
(1602, 443, 428, 1, 1, 3, 3, 3, 3, 2, 'false', 8, 'resume', 18),
(1603, 409, 434, 0, 2, 3, 0, 5, 0, 2, 'false', 8, 'resume', 19),
(1604, 407, 416, 0, 1, 3, 1, 5, 1, 3, 'false', 8, 'resume', 20),
(1605, 403, 411, 2, 0, 3, 5, 0, 1, 2, 'false', 8, 'resume', 21),
(1606, 436, 440, 1, 3, 3, 0, 5, 2, 3, 'false', 8, 'resume', 22),
(1607, 432, 410, 1, 2, 3, 1, 5, 1, 2, 'false', 8, 'resume', 23),
(1608, 412, 430, 3, 1, 3, 5, 0, 0, 3, 'false', 8, 'resume', 24),
(1609, 422, 448, 2, 0, 3, 5, -1, 0, 0, 'false', 8, 'resume', 25),
(1610, 438, 446, 1, 0, 3, 5, 1, 1, 0, 'false', 8, 'resume', 26),
(1611, 447, 445, 1, 1, 3, 3, 3, 0, 2, 'false', 8, 'resume', 27),
(1612, 435, 400, 1, 1, 3, 3, 3, 3, 1, 'false', 8, 'resume', 5),
(1613, 419, 415, 2, 1, 3, 5, 1, 2, 2, 'false', 8, 'resume', 14),
(1614, 450, 452, 2, 1, 4, 5, 1, 0, 5, 'false', 8, 'resume', 1),
(1615, 427, 435, 3, 0, 4, 5, 0, 1, 1, 'false', 8, 'resume', 2),
(1616, 429, 401, 1, 1, 4, 3, 3, 0, 1, 'false', 8, 'resume', 3),
(1617, 400, 424, 0, 1, 4, 1, 5, 1, 2, 'false', 8, 'resume', 4),
(1618, 423, 433, 1, 2, 4, 1, 5, 0, 0, 'false', 8, 'resume', 5),
(1619, 406, 418, 2, 2, 4, 3, 3, 2, 4, 'false', 8, 'resume', 6),
(1620, 425, 431, 0, 2, 4, 0, 5, 1, 2, 'false', 8, 'resume', 7),
(1621, 444, 439, 2, 1, 4, 5, 1, 7, 0, 'false', 8, 'resume', 8),
(1622, 413, 404, 1, 2, 4, 1, 5, 1, 3, 'false', 8, 'resume', 9),
(1623, 426, 442, 0, 1, 4, 1, 5, 0, 1, 'false', 8, 'resume', 10),
(1624, 437, 419, 2, 1, 4, 5, 1, 1, 5, 'false', 8, 'resume', 11),
(1625, 402, 421, 0, 3, 4, 0, 5, 0, 2, 'false', 8, 'resume', 12),
(1626, 434, 453, 2, 1, 4, 5, 1, 2, 1, 'false', 8, 'resume', 13),
(1627, 416, 443, 3, 0, 4, 5, 0, 0, 2, 'false', 8, 'resume', 14),
(1628, 403, 428, 0, 1, 4, 1, 5, 2, 1, 'false', 8, 'resume', 15),
(1629, 420, 449, 2, 3, 4, 1, 5, 0, 2, 'false', 8, 'resume', 16),
(1630, 415, 410, 0, 5, 4, 0, 5, 2, 7, 'false', 8, 'resume', 17),
(1631, 414, 417, 2, 1, 4, 5, 1, 2, 4, 'false', 8, 'resume', 18),
(1632, 408, 440, 0, 1, 4, 1, 5, 3, 5, 'false', 8, 'resume', 19),
(1633, 412, 405, 2, 1, 4, 5, 1, 0, 2, 'false', 8, 'resume', 20),
(1634, 451, 422, 2, 1, 4, 5, 1, 0, 0, 'false', 8, 'resume', 21),
(1635, 438, 407, 0, 4, 4, 0, 5, 1, 2, 'false', 8, 'resume', 22),
(1636, 441, 409, 0, 1, 4, 1, 5, 3, 0, 'false', 8, 'resume', 23),
(1637, 432, 447, 1, 0, 4, 5, 1, 0, 1, 'false', 8, 'resume', 24),
(1638, 411, 436, 1, 2, 4, 1, 5, 0, 2, 'false', 8, 'resume', 25),
(1639, 445, 446, 1, 1, 4, 3, 3, 2, 0, 'false', 8, 'resume', 26),
(1640, 430, 448, 0, 7, 4, 0, 5, 1, 1, 'false', 8, 'resume', 27),
(1643, 424, 444, 0, 1, 5, 1, 5, 0, 2, 'false', 8, 'resume', 3),
(1644, 429, 431, 0, 2, 5, 0, 5, 1, 2, 'false', 8, 'resume', 4),
(1645, 401, 404, 1, 0, 5, 5, 1, 1, 5, 'false', 8, 'resume', 5),
(1646, 406, 442, 2, 1, 5, 5, 1, 1, 1, 'false', 8, 'resume', 6),
(1647, 437, 421, 2, 0, 5, 5, 0, 1, 3, 'false', 8, 'resume', 7),
(1648, 418, 400, 0, 1, 5, 1, 5, 1, 1, 'false', 8, 'resume', 8),
(1649, 434, 423, 1, 1, 5, 3, 3, 0, 4, 'false', 8, 'resume', 9),
(1650, 416, 435, 2, 1, 5, 5, 1, 1, 1, 'false', 8, 'resume', 10),
(1651, 428, 439, 0, 4, 5, 0, 5, 1, 3, 'false', 8, 'resume', 11),
(1652, 426, 413, 1, 1, 5, 3, 3, 3, 1, 'false', 8, 'resume', 12),
(1653, 449, 410, 1, 1, 5, 3, 3, 1, 1, 'false', 8, 'resume', 13),
(1654, 414, 440, 2, 3, 5, 1, 5, 0, 4, 'false', 8, 'resume', 14),
(1655, 412, 425, 0, 3, 5, 0, 5, 0, 4, 'false', 8, 'resume', 15),
(1656, 419, 451, 2, 1, 5, 5, 1, 4, 1, 'false', 8, 'resume', 16),
(1657, 407, 402, 3, 1, 5, 5, 0, 2, 2, 'false', 8, 'resume', 17),
(1658, 453, 403, 1, 1, 5, 3, 3, 2, 3, 'false', 8, 'resume', 18),
(1659, 420, 409, 2, 1, 5, 5, 1, 1, 1, 'false', 8, 'resume', 19),
(1660, 432, 443, 2, 0, 5, 5, 0, 1, 3, 'false', 8, 'resume', 20),
(1661, 436, 408, 1, 1, 5, 3, 3, 2, 0, 'false', 8, 'resume', 21),
(1662, 417, 415, 2, 1, 5, 5, 1, 5, 0, 'false', 8, 'resume', 22),
(1663, 405, 422, 1, 2, 5, 1, 5, 1, 0, 'false', 8, 'resume', 23),
(1664, 441, 445, 1, 3, 5, 0, 5, 0, 3, 'false', 8, 'resume', 24),
(1665, 438, 448, 0, 3, 5, 0, 5, 1, 1, 'false', 8, 'resume', 25),
(1666, 447, 446, 1, 1, 5, 3, 3, 3, 0, 'false', 8, 'resume', 26),
(1667, 411, 430, 1, 2, 5, 1, 5, 1, 5, 'false', 8, 'resume', 27),
(1668, 450, 427, 0, 1, 5, 1, 5, 3, 4, 'true', 8, 'resume', 1),
(1669, 452, 433, 1, 0, 5, 5, 1, 2, 2, 'false', 8, 'resume', 2),
(1670, 455, 494, 1, 2, 1, 1, 10, 2, 1, 'false', 9, 'resume', 1),
(1671, 457, 495, 1, 1, 1, 4, 4, 0, 2, 'false', 9, 'resume', 2),
(1672, 473, 459, 1, 0, 1, 10, 1, 2, 0, 'false', 9, 'resume', 3),
(1673, 464, 488, 0, 2, 1, 0, 10, 1, 1, 'false', 9, 'resume', 4),
(1674, 478, 480, 1, 0, 1, 10, 1, 1, 2, 'false', 9, 'resume', 5),
(1675, 504, 479, 2, 2, 1, 4, 4, 0, 4, 'false', 9, 'resume', 6),
(1676, 463, 474, 1, 0, 1, 10, 1, 2, 1, 'false', 9, 'resume', 7),
(1677, 468, 477, 1, 1, 1, 4, 4, 4, 1, 'false', 9, 'resume', 8),
(1678, 501, 500, 1, 1, 1, 4, 4, 1, 2, 'false', 9, 'resume', 9),
(1679, 458, 503, 1, 2, 1, 1, 10, 2, 2, 'false', 9, 'resume', 10),
(1680, 484, 497, 0, 2, 1, 0, 10, 0, 6, 'false', 9, 'resume', 11),
(1681, 498, 476, 1, 0, 1, 10, 1, 3, 2, 'false', 9, 'resume', 12),
(1682, 456, 472, 2, 0, 1, 10, 0, 2, 1, 'false', 9, 'resume', 13),
(1683, 481, 505, 1, 1, 1, 4, 4, 2, 3, 'false', 9, 'resume', 14),
(1684, 482, 470, 0, 1, 1, 1, 10, 0, 5, 'false', 9, 'resume', 15),
(1685, 465, 507, 1, 2, 1, 1, 10, 2, 2, 'false', 9, 'resume', 16),
(1686, 469, 506, 0, 2, 1, 0, 10, 0, 1, 'false', 9, 'resume', 17),
(1687, 492, 508, 4, 0, 1, 10, 0, 1, 2, 'false', 9, 'resume', 18),
(1688, 454, 485, 2, 0, 1, 10, 0, 2, 0, 'false', 9, 'resume', 19),
(1689, 471, 491, 1, 2, 1, 1, 10, 1, 3, 'false', 9, 'resume', 20),
(1690, 502, 486, 1, 1, 1, 4, 4, 1, 4, 'false', 9, 'resume', 21),
(1691, 460, 483, 2, 0, 1, 10, 0, 0, 2, 'false', 9, 'resume', 22),
(1692, 489, 462, 0, 1, 1, 1, 10, 5, 3, 'false', 9, 'resume', 23),
(1693, 490, 466, 1, 2, 1, 1, 10, 3, 2, 'false', 9, 'resume', 24),
(1694, 461, 493, 2, 0, 1, 10, 0, 1, 1, 'false', 9, 'resume', 25),
(1695, 475, 496, 1, 2, 1, 1, 10, 1, 5, 'false', 9, 'resume', 26),
(1696, 487, 499, 2, 3, 1, 1, 10, 3, 2, 'false', 9, 'resume', 27),
(1724, 492, 497, 1, 2, 2, 1, 10, 1, 5, 'false', 9, 'resume', 1),
(1725, 454, 456, 2, 1, 2, 10, 1, 0, 2, 'false', 9, 'resume', 2),
(1726, 461, 488, 3, 0, 2, 10, 0, 3, 7, 'false', 9, 'resume', 3),
(1727, 506, 460, 1, 2, 2, 1, 10, 2, 3, 'false', 9, 'resume', 4),
(1728, 470, 496, 1, 2, 2, 1, 10, 5, 1, 'false', 9, 'resume', 5),
(1729, 462, 498, 1, 1, 2, 4, 4, 3, 4, 'false', 9, 'resume', 6),
(1730, 491, 463, 3, 1, 2, 10, 0, 1, 2, 'false', 9, 'resume', 7),
(1731, 473, 466, 2, 1, 2, 10, 1, 3, 0, 'false', 9, 'resume', 8),
(1732, 503, 499, 4, 2, 2, 10, 0, 1, 0, 'false', 9, 'resume', 9),
(1733, 507, 494, 1, 1, 2, 4, 4, 1, 2, 'false', 9, 'resume', 10),
(1734, 478, 479, 2, 0, 2, 10, 0, 2, 0, 'false', 9, 'resume', 11),
(1735, 468, 486, 0, 1, 2, 1, 10, 2, 4, 'false', 9, 'resume', 12),
(1736, 505, 500, 2, 3, 2, 1, 10, 1, 0, 'false', 9, 'resume', 13),
(1737, 495, 481, 1, 0, 2, 10, 1, 3, 2, 'false', 9, 'resume', 14),
(1738, 502, 477, 1, 1, 2, 4, 4, 5, 0, 'false', 9, 'resume', 15),
(1739, 501, 504, 1, 2, 2, 1, 10, 4, 2, 'false', 9, 'resume', 16),
(1740, 457, 489, 1, 2, 2, 1, 10, 0, 3, 'false', 9, 'resume', 17),
(1741, 487, 490, 4, 0, 2, 10, 0, 2, 4, 'false', 9, 'resume', 18),
(1742, 455, 465, 1, 1, 2, 4, 4, 0, 3, 'false', 9, 'resume', 19),
(1743, 458, 476, 2, 0, 2, 10, 0, 2, 2, 'false', 9, 'resume', 20),
(1744, 480, 471, 1, 1, 2, 4, 4, 0, 4, 'false', 9, 'resume', 21),
(1745, 474, 475, 2, 1, 2, 10, 1, 2, 1, 'false', 9, 'resume', 22),
(1746, 482, 459, 1, 2, 2, 1, 10, 0, 1, 'false', 9, 'resume', 23),
(1747, 483, 472, 0, 2, 2, 0, 10, 2, 1, 'false', 9, 'resume', 24),
(1748, 493, 464, 1, 0, 2, 10, 1, 0, 0, 'false', 9, 'resume', 25),
(1749, 484, 485, 2, 3, 2, 1, 10, 3, 3, 'false', 9, 'resume', 26),
(1750, 469, 508, 2, 0, 2, 10, 0, 1, 2, 'false', 9, 'resume', 27),
(1751, 461, 503, 1, 2, 3, 1, 10, 3, 1, 'false', 9, 'resume', 1),
(1752, 454, 473, 0, 2, 3, 0, 10, 1, 1, 'false', 9, 'resume', 2),
(1753, 491, 497, 2, 2, 3, 4, 4, 0, 2, 'false', 9, 'resume', 3),
(1754, 496, 460, 0, 3, 3, 0, 10, 2, 5, 'false', 9, 'resume', 4),
(1755, 478, 462, 2, 0, 3, 10, 0, 4, 2, 'false', 9, 'resume', 5),
(1756, 494, 498, 2, 1, 3, 10, 1, 4, 1, 'false', 9, 'resume', 6),
(1757, 507, 486, 2, 0, 3, 10, 0, 2, 2, 'false', 9, 'resume', 7),
(1758, 495, 500, 1, 1, 3, 4, 4, 2, 0, 'false', 9, 'resume', 8),
(1759, 504, 456, 0, 2, 3, 0, 10, 1, 5, 'false', 9, 'resume', 9),
(1760, 506, 458, 0, 1, 3, 1, 10, 0, 1, 'false', 9, 'resume', 10),
(1761, 470, 459, 1, 1, 3, 4, 4, 1, 2, 'false', 9, 'resume', 11),
(1762, 492, 466, 1, 2, 3, 1, 10, 0, 2, 'false', 9, 'resume', 12),
(1763, 489, 487, 2, 2, 3, 4, 4, 4, 1, 'false', 9, 'resume', 13),
(1764, 474, 499, 1, 2, 3, 1, 10, 4, 0, 'false', 9, 'resume', 14),
(1765, 463, 488, 0, 2, 3, 0, 10, 2, 3, 'false', 9, 'resume', 15),
(1766, 485, 493, 0, 2, 3, 0, 10, 0, 2, 'false', 9, 'resume', 16),
(1767, 472, 469, 1, 0, 3, 10, 1, 3, 2, 'false', 9, 'resume', 17),
(1768, 502, 501, 0, 2, 3, 0, 10, 0, 3, 'false', 9, 'resume', 18),
(1769, 477, 471, 1, 2, 3, 1, 10, 1, 2, 'false', 9, 'resume', 19),
(1770, 480, 457, 1, 2, 3, 1, 10, 1, 0, 'false', 9, 'resume', 20),
(1771, 468, 465, 0, 2, 3, 0, 10, 0, 4, 'false', 9, 'resume', 21),
(1772, 505, 455, 0, 2, 3, 0, 10, 1, 3, 'false', 9, 'resume', 22),
(1773, 481, 479, 2, 0, 3, 10, 0, 1, 0, 'false', 9, 'resume', 23),
(1774, 475, 482, 0, 2, 3, 0, 10, 1, 3, 'false', 9, 'resume', 24),
(1775, 484, 476, 0, 2, 3, 0, 10, 0, 5, 'false', 9, 'resume', 25),
(1776, 490, 464, 2, 1, 3, 10, 1, 0, 1, 'false', 9, 'resume', 26),
(1777, 483, 508, 0, 2, 3, 0, 10, 0, 2, 'false', 9, 'resume', 27),
(1778, 503, 473, 3, 1, 4, 10, 0, 1, 4, 'false', 9, 'resume', 1),
(1779, 460, 478, 2, 1, 4, 10, 1, 0, 2, 'false', 9, 'resume', 2),
(1780, 507, 491, 2, 1, 4, 10, 1, 3, 2, 'false', 9, 'resume', 3),
(1781, 494, 497, 3, 0, 4, 10, 0, 1, 6, 'false', 9, 'resume', 4),
(1782, 461, 456, 0, 1, 4, 1, 10, 0, 2, 'false', 9, 'resume', 5),
(1783, 458, 466, 1, 1, 4, 4, 4, 3, 2, 'false', 9, 'resume', 6),
(1784, 454, 499, 1, 1, 4, 4, 4, 1, 0, 'false', 9, 'resume', 7),
(1785, 496, 488, 2, 2, 4, 4, 4, 2, 3, 'false', 9, 'resume', 8),
(1786, 493, 472, 0, 1, 4, 1, 10, 2, 2, 'false', 9, 'resume', 9),
(1787, 495, 498, 0, 2, 4, 0, 10, 0, 6, 'false', 9, 'resume', 10),
(1788, 500, 459, 1, 1, 4, 4, 4, 1, 4, 'false', 9, 'resume', 11),
(1789, 487, 470, 2, 2, 4, 4, 4, 1, 6, 'false', 9, 'resume', 12),
(1790, 465, 489, 1, 1, 4, 4, 4, 1, 3, 'false', 9, 'resume', 13),
(1791, 455, 501, 2, 0, 4, 10, 0, 2, 0, 'false', 9, 'resume', 14),
(1792, 471, 457, 1, 2, 4, 1, 10, 1, 1, 'false', 9, 'resume', 15),
(1793, 481, 462, 0, 2, 4, 0, 10, 2, 2, 'false', 9, 'resume', 16),
(1794, 504, 486, 1, 2, 4, 1, 10, 3, 3, 'false', 9, 'resume', 17),
(1795, 506, 492, 0, 2, 4, 0, 10, 0, 1, 'false', 9, 'resume', 18),
(1796, 482, 474, 1, 1, 4, 4, 4, 2, 0, 'false', 9, 'resume', 19),
(1797, 469, 476, 1, 2, 4, 1, 10, 1, 3, 'false', 9, 'resume', 20),
(1798, 490, 463, 3, 0, 4, 10, 0, 1, 1, 'false', 9, 'resume', 21),
(1799, 485, 508, 1, 2, 4, 1, 10, 1, 4, 'false', 9, 'resume', 22),
(1800, 477, 480, 1, 1, 4, 4, 4, 2, 0, 'false', 9, 'resume', 23),
(1801, 502, 505, 2, 0, 4, 10, 0, 1, 2, 'false', 9, 'resume', 24),
(1802, 468, 479, 4, 1, 4, 10, 0, 4, 0, 'false', 9, 'resume', 25),
(1803, 464, 475, 0, 2, 4, 0, 10, 1, 0, 'false', 9, 'resume', 26),
(1804, 484, 483, 1, 0, 4, 10, 1, 1, 2, 'false', 9, 'resume', 27),
(1833, 503, 460, 1, 0, 5, 10, 1, 1, 1, 'true', 9, 'resume', 1),
(1834, 494, 456, 1, 2, 5, 1, 10, 1, 0, 'false', 9, 'resume', 2),
(1835, 507, 478, 2, 0, 5, 10, 0, 2, 1, 'false', 9, 'resume', 3),
(1836, 473, 472, 0, 1, 5, 1, 10, 4, 1, 'false', 9, 'resume', 4),
(1837, 458, 491, 1, 0, 5, 10, 1, 3, 0, 'false', 9, 'resume', 5),
(1838, 498, 466, 2, 0, 5, 10, 0, 3, 2, 'false', 9, 'resume', 6),
(1839, 455, 499, 1, 1, 5, 4, 4, 1, 1, 'false', 9, 'resume', 7),
(1840, 457, 454, 1, 0, 5, 10, 1, 2, 0, 'false', 9, 'resume', 8),
(1841, 496, 497, 0, 1, 5, 1, 10, 0, 1, 'false', 9, 'resume', 9),
(1842, 462, 486, 1, 1, 5, 4, 4, 3, 0, 'false', 9, 'resume', 10),
(1843, 488, 492, 2, 0, 5, 10, 0, 4, 2, 'false', 9, 'resume', 11),
(1844, 461, 500, 1, 2, 5, 1, 10, 2, 2, 'false', 9, 'resume', 12),
(1845, 476, 493, 1, 0, 5, 10, 1, 3, 3, 'false', 9, 'resume', 13),
(1846, 490, 508, 1, 1, 5, 4, 4, 0, 0, 'false', 9, 'resume', 14),
(1847, 465, 459, 1, 0, 5, 10, 1, 3, 1, 'false', 9, 'resume', 15),
(1848, 489, 470, 2, 1, 5, 10, 1, 1, 1, 'false', 9, 'resume', 16),
(1849, 487, 495, 1, 2, 5, 1, 10, 2, 1, 'false', 9, 'resume', 17),
(1850, 502, 482, 1, 1, 5, 4, 4, 3, 4, 'false', 9, 'resume', 18),
(1851, 501, 471, 3, 0, 5, 10, 0, 3, 2, 'false', 9, 'resume', 19),
(1852, 474, 504, 1, 1, 5, 4, 4, 0, 2, 'false', 9, 'resume', 20),
(1853, 468, 481, 1, 2, 5, 1, 10, 0, 2, 'false', 9, 'resume', 21),
(1854, 477, 506, 1, 0, 5, 10, 1, 4, 3, 'false', 9, 'resume', 22),
(1855, 469, 475, 1, 1, 5, 4, 4, 6, 2, 'false', 9, 'resume', 23),
(1856, 485, 480, 2, 1, 5, 10, 1, 1, 0, 'false', 9, 'resume', 24),
(1857, 484, 463, 0, 3, 5, 0, 10, 1, 2, 'false', 9, 'resume', 25),
(1858, 505, 479, 1, 1, 5, 4, 4, 4, 1, 'false', 9, 'resume', 26),
(1859, 464, 483, 1, 0, 5, 10, 1, 3, 0, 'false', 9, 'resume', 27),
(1860, 511, 517, 0, 2, 1, 0, 10, 3, 6, 'false', 10, 'resume', 1),
(1861, 540, 521, 2, 3, 1, 1, 10, 3, 0, 'false', 10, 'resume', 2),
(1862, 542, 539, 4, 1, 1, 10, 0, 2, 0, 'false', 10, 'resume', 3),
(1863, 512, 524, 1, 0, 1, 10, 1, 0, 3, 'false', 10, 'resume', 4),
(1864, 518, 516, 0, 2, 1, 0, 10, 0, 2, 'false', 10, 'resume', 5),
(1865, 519, 522, 0, 1, 1, 1, 10, 1, 5, 'false', 10, 'resume', 6),
(1866, 509, 531, 1, 1, 1, 4, 4, 2, 1, 'false', 10, 'resume', 7),
(1867, 510, 535, 2, 0, 1, 10, 0, 0, 2, 'false', 10, 'resume', 8),
(1868, 547, 541, 1, 2, 1, 1, 10, 1, 1, 'false', 10, 'resume', 9),
(1869, 520, 544, 1, 2, 1, 1, 10, 0, 1, 'false', 10, 'resume', 10),
(1870, 536, 528, 0, 2, 1, 0, 10, 0, 7, 'false', 10, 'resume', 11),
(1871, 543, 530, 1, 2, 1, 1, 10, 0, 4, 'false', 10, 'resume', 12),
(1872, 513, 534, 0, 1, 1, 1, 10, 1, 3, 'false', 10, 'resume', 13),
(1873, 514, 537, 1, 2, 1, 1, 10, 1, 1, 'false', 10, 'resume', 14),
(1874, 515, 527, 1, 2, 1, 1, 10, 1, 3, 'false', 10, 'resume', 15),
(1875, 525, 529, 0, 1, 1, 1, 10, 0, 6, 'false', 10, 'resume', 16),
(1876, 532, 526, 3, 2, 1, 10, 1, 4, 0, 'false', 10, 'resume', 17),
(1877, 533, 545, 1, 0, 1, 10, 1, 3, 2, 'false', 10, 'resume', 18),
(1878, 523, 538, 3, 0, 1, 10, 0, 4, 0, 'false', 10, 'resume', 19),
(1879, 523, 542, 2, 1, 2, 10, 1, 2, 1, 'false', 10, 'resume', 1),
(1880, 528, 517, 2, 1, 2, 10, 1, 3, 2, 'false', 10, 'resume', 2),
(1881, 516, 510, 3, 0, 2, 10, 0, 1, 0, 'false', 10, 'resume', 3),
(1882, 522, 532, 2, 0, 2, 10, 0, 3, 0, 'false', 10, 'resume', 4),
(1883, 530, 534, 1, 2, 2, 1, 10, 1, 5, 'false', 10, 'resume', 5),
(1884, 533, 527, 2, 0, 2, 10, 0, 2, 3, 'false', 10, 'resume', 6),
(1885, 544, 529, 0, 2, 2, 0, 10, 1, 3, 'false', 10, 'resume', 7),
(1886, 541, 537, 2, 1, 2, 10, 1, 2, 0, 'false', 10, 'resume', 8),
(1887, 512, 521, 0, 3, 2, 0, 10, 3, 1, 'false', 10, 'resume', 9),
(1890, 545, 514, 0, 1, 2, 1, 10, 1, 2, 'false', 10, 'resume', 12),
(1891, 513, 519, 2, 3, 2, 1, 10, 0, 0, 'false', 10, 'resume', 13),
(1892, 547, 515, 1, 0, 2, 10, 1, 2, 0, 'false', 10, 'resume', 14),
(1893, 520, 525, 0, 1, 2, 1, 10, 2, 4, 'false', 10, 'resume', 15),
(1894, 526, 543, 3, 1, 2, 10, 0, 2, 0, 'false', 10, 'resume', 16),
(1895, 511, 535, 0, 5, 2, 0, 10, 0, 6, 'false', 10, 'resume', 17),
(1896, 518, 536, 2, 1, 2, 10, 1, 3, 0, 'false', 10, 'resume', 18),
(1897, 538, 539, 0, 0, 2, 4, 4, 1, 6, 'false', 10, 'resume', 19),
(1898, 509, 524, 0, 2, 2, 0, 10, 0, 1, 'false', 10, 'resume', 10),
(1899, 540, 531, 3, 0, 2, 10, 0, 1, 2, 'false', 10, 'resume', 11),
(1900, 516, 521, 2, 0, 3, 10, 0, 2, 1, 'false', 10, 'resume', 1),
(1901, 522, 529, 1, 2, 3, 1, 10, 2, 4, 'false', 10, 'resume', 2),
(1902, 541, 523, 1, 2, 3, 1, 10, 2, 4, 'false', 10, 'resume', 3),
(1903, 528, 533, 1, 1, 3, 4, 4, 2, 0, 'false', 10, 'resume', 4),
(1904, 534, 540, 1, 2, 3, 1, 10, 3, 2, 'false', 10, 'resume', 5),
(1905, 537, 542, 0, 0, 3, 4, 4, 0, 1, 'false', 10, 'resume', 6),
(1906, 525, 547, 2, 0, 3, 10, 0, 5, 0, 'false', 10, 'resume', 7),
(1907, 519, 517, 2, 1, 3, 10, 1, 0, 3, 'false', 10, 'resume', 8),
(1908, 530, 524, 1, 2, 3, 1, 10, 1, 2, 'false', 10, 'resume', 9),
(1909, 514, 526, 0, 4, 3, 0, 10, 1, 4, 'false', 10, 'resume', 10),
(1910, 532, 510, 1, 0, 3, 10, 1, 3, 2, 'false', 10, 'resume', 11),
(1911, 512, 527, 1, 0, 3, 10, 1, 3, 3, 'false', 10, 'resume', 12),
(1912, 544, 518, 1, 1, 3, 4, 4, 4, 0, 'false', 10, 'resume', 13),
(1913, 535, 538, 0, 2, 3, 0, 10, 2, 2, 'false', 10, 'resume', 14),
(1914, 509, 539, 1, 0, 3, 10, 1, 5, 1, 'false', 10, 'resume', 15),
(1915, 531, 545, 0, 1, 3, 1, 10, 1, 3, 'false', 10, 'resume', 16),
(1916, 513, 520, 0, 2, 3, 0, 10, 1, 3, 'false', 10, 'resume', 17),
(1917, 515, 536, 0, 2, 3, 0, 10, 0, 3, 'false', 10, 'resume', 18),
(1918, 543, 511, 4, 1, 3, 10, 0, 1, 1, 'false', 10, 'resume', 19),
(1919, 529, 523, 0, 1, 4, 1, 10, 2, 2, 'false', 10, 'resume', 1),
(1920, 516, 528, 1, 2, 4, 1, 10, 0, 4, 'false', 10, 'resume', 2),
(1921, 533, 522, 0, 1, 4, 1, 10, 0, 2, 'false', 10, 'resume', 3),
(1922, 541, 525, 4, 0, 4, 10, 0, 2, 2, 'false', 10, 'resume', 4),
(1923, 540, 524, 1, 0, 4, 10, 1, 3, 1, 'false', 10, 'resume', 5),
(1924, 526, 534, 2, 1, 4, 10, 1, 2, 4, 'false', 10, 'resume', 6),
(1925, 519, 521, 1, 4, 4, 0, 10, 0, 1, 'false', 10, 'resume', 7),
(1926, 532, 512, 2, 1, 4, 10, 1, 1, 0, 'false', 10, 'resume', 8),
(1927, 542, 544, 0, 2, 4, 0, 10, 0, 4, 'false', 10, 'resume', 9),
(1928, 537, 518, 1, 2, 4, 1, 10, 1, 0, 'false', 10, 'resume', 10),
(1929, 538, 509, 2, 0, 4, 10, 0, 2, 1, 'false', 10, 'resume', 11),
(1930, 530, 517, 1, 1, 4, 4, 4, 1, 3, 'false', 10, 'resume', 12),
(1931, 545, 520, 2, 0, 4, 10, 0, 3, 0, 'false', 10, 'resume', 13),
(1932, 510, 514, 1, 0, 4, 10, 1, 1, 3, 'false', 10, 'resume', 14),
(1933, 527, 547, 2, 0, 4, 10, 0, 5, 1, 'false', 10, 'resume', 15),
(1934, 536, 535, 2, 1, 4, 10, 1, 1, 3, 'false', 10, 'resume', 16),
(1935, 543, 531, 0, 1, 4, 1, 10, 0, 5, 'false', 10, 'resume', 17),
(1936, 539, 513, 2, 1, 4, 10, 1, 5, 0, 'false', 10, 'resume', 18),
(1937, 515, 511, 1, 1, 4, 4, 4, 1, 2, 'false', 10, 'resume', 19),
(1938, 523, 528, 1, 2, 5, 1, 10, 1, 4, 'false', 10, 'resume', 1),
(1939, 529, 516, 0, 0, 5, 4, 4, 5, 2, 'false', 10, 'resume', 2),
(1940, 522, 540, 1, 2, 5, 1, 10, 2, 2, 'false', 10, 'resume', 3),
(1941, 541, 526, 0, 5, 5, 0, 10, 1, 4, 'false', 10, 'resume', 4),
(1942, 521, 532, 2, 1, 5, 10, 1, 1, 4, 'false', 10, 'resume', 5),
(1943, 533, 518, 2, 0, 5, 10, 0, 4, 0, 'false', 10, 'resume', 6),
(1944, 544, 538, 2, 3, 5, 1, 10, 3, 3, 'false', 10, 'resume', 7),
(1945, 524, 534, 0, 1, 5, 1, 10, 1, 2, 'false', 10, 'resume', 8),
(1946, 545, 512, 4, 1, 5, 10, 0, 2, 1, 'false', 10, 'resume', 9),
(1947, 525, 510, 1, 1, 5, 4, 4, 3, 4, 'false', 10, 'resume', 10),
(1948, 519, 536, 3, 2, 5, 10, 1, 3, 2, 'false', 10, 'resume', 11),
(1949, 527, 517, 0, 1, 5, 1, 10, 3, 2, 'false', 10, 'resume', 12),
(1950, 537, 530, 1, 1, 5, 4, 4, 2, 2, 'false', 10, 'resume', 13),
(1951, 542, 531, 1, 2, 5, 1, 10, 3, 0, 'false', 10, 'resume', 14),
(1952, 539, 514, 2, 0, 5, 10, 0, 4, 0, 'false', 10, 'resume', 15),
(1953, 509, 520, 1, 2, 5, 1, 10, 3, 4, 'false', 10, 'resume', 16),
(1954, 543, 547, 3, 0, 5, 10, 0, 5, 5, 'false', 10, 'resume', 17),
(1955, 535, 515, 1, 0, 5, 10, 1, 5, 3, 'false', 10, 'resume', 18),
(1956, 511, 513, 0, 1, 5, 1, 10, 1, 3, 'false', 10, 'resume', 19),
(1957, 563, 574, 1, 2, 1, 1, 8, 1, 1, 'false', 11, 'resume', 1),
(1958, 564, 579, 2, 0, 1, 9, 0, 1, 1, 'false', 11, 'resume', 2),
(1959, 565, 573, 1, 0, 1, 8, 1, 1, 1, 'false', 11, 'resume', 3),
(1960, 559, 581, 1, 1, 1, 4, 4, 3, 2, 'false', 11, 'resume', 4),
(1961, 560, 580, 0, 1, 1, 1, 8, 0, 2, 'false', 11, 'resume', 5),
(1962, 562, 582, 0, 1, 1, 1, 8, 2, 2, 'false', 11, 'resume', 6),
(1963, 552, 577, 1, 3, 1, 0, 9, 1, 0, 'false', 11, 'resume', 7),
(1964, 554, 583, 2, 0, 1, 9, 0, 1, 0, 'false', 11, 'resume', 8),
(1965, 555, 578, 1, 1, 1, 4, 4, 2, 0, 'false', 11, 'resume', 9),
(1966, 572, 584, 2, 1, 1, 8, 1, 2, 0, 'false', 11, 'resume', 10),
(1967, 575, 586, 2, 1, 1, 8, 1, 0, 1, 'false', 11, 'resume', 11),
(1968, 576, 585, 1, 0, 1, 8, 1, 3, 0, 'false', 11, 'resume', 12),
(1969, 548, 570, 2, 1, 1, 8, 1, 5, 1, 'false', 11, 'resume', 13),
(1970, 549, 569, 1, 1, 1, 4, 4, 2, 1, 'false', 11, 'resume', 14),
(1971, 551, 571, 1, 1, 1, 4, 4, 1, 2, 'false', 11, 'resume', 15),
(1972, 550, 567, 1, 0, 1, 8, 1, 4, 1, 'false', 11, 'resume', 16),
(1973, 553, 566, 1, 4, 1, 0, 9, 0, 2, 'false', 11, 'resume', 17),
(1974, 556, 568, 1, 2, 1, 1, 8, 3, 2, 'false', 11, 'resume', 18),
(1975, 576, 582, 0, 2, 2, 0, 9, 2, 6, 'false', 11, 'resume', 1),
(1976, 572, 580, 1, 1, 2, 4, 4, 0, 2, 'false', 11, 'resume', 2),
(1977, 575, 581, 2, 0, 2, 9, 0, 2, 2, 'false', 11, 'resume', 3),
(1978, 566, 564, 2, 4, 2, 0, 9, 2, 3, 'false', 11, 'resume', 4),
(1979, 568, 565, 1, 1, 2, 4, 4, 0, 1, 'false', 11, 'resume', 5),
(1980, 567, 563, 0, 4, 2, 0, 9, 3, 4, 'false', 11, 'resume', 6),
(1981, 548, 554, 2, 0, 2, 9, 0, 3, 2, 'false', 11, 'resume', 7),
(1982, 549, 555, 3, 0, 2, 9, 0, 0, 1, 'false', 11, 'resume', 8),
(1983, 551, 552, 2, 0, 2, 9, 0, 0, 0, 'false', 11, 'resume', 9),
(1984, 577, 571, 0, 0, 2, 4, 4, 0, 6, 'false', 11, 'resume', 10),
(1985, 578, 569, 1, 1, 2, 4, 4, 0, 1, 'false', 11, 'resume', 11),
(1986, 583, 570, 2, 0, 2, 9, 0, 0, 0, 'false', 11, 'resume', 12),
(1987, 574, 550, 2, 2, 2, 4, 4, 2, 5, 'false', 11, 'resume', 13),
(1988, 573, 556, 0, 1, 2, 1, 8, 2, 1, 'false', 11, 'resume', 14),
(1989, 579, 553, 1, 2, 2, 1, 8, 4, 0, 'false', 11, 'resume', 15),
(1990, 559, 586, 1, 2, 2, 1, 8, 1, 4, 'false', 11, 'resume', 16),
(1991, 562, 584, 1, 1, 2, 4, 4, 3, 3, 'false', 11, 'resume', 17),
(1992, 560, 585, 1, 1, 2, 4, 4, 4, 1, 'false', 11, 'resume', 18),
(1993, 548, 564, 1, 1, 3, 4, 4, 1, 1, 'false', 11, 'resume', 1),
(1994, 549, 565, 2, 2, 3, 4, 4, 0, 2, 'false', 11, 'resume', 2),
(1995, 551, 563, 1, 2, 3, 1, 8, 2, 4, 'false', 11, 'resume', 3),
(1996, 575, 577, 2, 1, 3, 8, 1, 3, 0, 'false', 11, 'resume', 4),
(1997, 572, 583, 2, 1, 3, 8, 1, 1, 1, 'false', 11, 'resume', 5),
(1998, 576, 578, 1, 2, 3, 1, 8, 2, 1, 'false', 11, 'resume', 6),
(1999, 582, 550, 0, 2, 3, 0, 9, 3, 5, 'false', 11, 'resume', 7),
(2000, 580, 556, 1, 1, 3, 4, 4, 3, 0, 'false', 11, 'resume', 8),
(2001, 581, 553, 0, 3, 3, 0, 9, 2, 0, 'false', 11, 'resume', 9),
(2002, 568, 586, 1, 1, 3, 4, 4, 0, 0, 'false', 11, 'resume', 10),
(2003, 566, 584, 1, 2, 3, 1, 8, 1, 3, 'false', 11, 'resume', 11),
(2004, 567, 585, 0, 1, 3, 1, 8, 4, 0, 'false', 11, 'resume', 12),
(2005, 571, 574, 0, 1, 3, 1, 8, 2, 0, 'false', 11, 'resume', 13),
(2006, 569, 573, 2, 0, 3, 9, 0, 1, 3, 'false', 11, 'resume', 14),
(2007, 570, 579, 1, 0, 3, 8, 1, 1, 0, 'false', 11, 'resume', 15),
(2008, 562, 554, 3, 2, 3, 8, 1, 2, 3, 'false', 11, 'resume', 16),
(2009, 560, 555, 1, 0, 3, 8, 1, 4, 0, 'false', 11, 'resume', 17),
(2010, 559, 552, 1, 0, 3, 8, 1, 2, 3, 'false', 11, 'resume', 18),
(2026, 564, 575, 1, 1, 4, 4, 4, 1, 0, 'false', 11, 'resume', 1),
(2027, 563, 572, 2, 2, 4, 4, 4, 0, 4, 'false', 11, 'resume', 2),
(2028, 565, 576, 1, 0, 4, 8, 1, 1, 1, 'false', 11, 'resume', 3),
(2029, 548, 550, 1, 0, 4, 8, 1, 2, 3, 'false', 11, 'resume', 4),
(2030, 549, 553, 4, 1, 4, 9, 0, 3, 0, 'false', 11, 'resume', 5),
(2031, 551, 556, 1, 1, 4, 4, 4, 3, 2, 'false', 11, 'resume', 6),
(2032, 578, 586, 1, 0, 4, 8, 1, 2, 2, 'false', 11, 'resume', 7),
(2033, 577, 584, 0, 2, 4, 0, 9, 0, 0, 'false', 11, 'resume', 8),
(2034, 583, 585, 0, 1, 4, 1, 8, 4, 1, 'false', 11, 'resume', 9),
(2035, 562, 569, 2, 0, 4, 9, 0, 2, 0, 'false', 11, 'resume', 10),
(2036, 560, 571, 1, 1, 4, 4, 4, 1, 1, 'false', 11, 'resume', 11),
(2037, 559, 570, 1, 1, 4, 4, 4, 2, 3, 'false', 11, 'resume', 12),
(2038, 582, 568, 2, 0, 4, 9, 0, 4, 0, 'false', 11, 'resume', 13),
(2039, 580, 566, 2, 3, 4, 1, 8, 3, 1, 'false', 11, 'resume', 14),
(2040, 581, 567, 3, 0, 4, 9, 0, 2, 5, 'false', 11, 'resume', 15),
(2041, 574, 554, 1, 1, 4, 4, 4, 0, 1, 'false', 11, 'resume', 16),
(2042, 579, 555, 2, 1, 4, 8, 1, 0, 1, 'false', 11, 'resume', 17),
(2043, 573, 552, 1, 0, 4, 8, 1, 0, 2, 'false', 11, 'resume', 18),
(2044, 548, 575, 1, 0, 5, 8, 1, 2, 0, 'false', 11, 'resume', 1),
(2045, 549, 572, 2, 0, 5, 9, 0, 3, 0, 'false', 11, 'resume', 2),
(2046, 551, 576, 2, 1, 5, 8, 1, 0, 2, 'false', 11, 'resume', 3),
(2047, 564, 584, 2, 1, 5, 8, 1, 5, 4, 'false', 11, 'resume', 4),
(2048, 565, 585, 1, 2, 5, 1, 8, 3, 1, 'false', 11, 'resume', 5),
(2049, 563, 586, 1, 1, 5, 4, 4, 1, 3, 'false', 11, 'resume', 6),
(2050, 582, 578, 1, 1, 5, 4, 4, 3, 2, 'false', 11, 'resume', 7),
(2051, 580, 577, 2, 2, 5, 4, 4, 1, 1, 'false', 11, 'resume', 8),
(2052, 581, 583, 2, 2, 5, 4, 4, 3, 1, 'false', 11, 'resume', 9),
(2053, 550, 562, 1, 0, 5, 8, 1, 3, 1, 'false', 11, 'resume', 10),
(2054, 553, 560, 0, 3, 5, 0, 9, 0, 9, 'false', 11, 'resume', 11),
(2055, 556, 559, 2, 0, 5, 9, 0, 4, 1, 'false', 11, 'resume', 12),
(2056, 574, 566, 3, 3, 5, 4, 4, 1, 2, 'false', 11, 'resume', 13),
(2057, 579, 568, 2, 4, 5, 0, 9, 2, 0, 'false', 11, 'resume', 14),
(2058, 573, 567, 2, 1, 5, 8, 1, 1, 3, 'false', 11, 'resume', 15);
INSERT INTO `tournament_match` (`id`, `id_coach_1`, `id_coach_2`, `td_1`, `td_2`, `round`, `points_1`, `points_2`, `casualties_1`, `casualties_2`, `finale`, `edition`, `status`, `table_number`) VALUES
(2059, 569, 554, 1, 0, 5, 8, 1, 3, 2, 'false', 11, 'resume', 16),
(2060, 571, 555, 1, 0, 5, 8, 1, 4, 1, 'false', 11, 'resume', 17),
(2061, 570, 552, 0, 1, 5, 1, 8, 1, 5, 'false', 11, 'resume', 18),
(2080, 599, 590, 2, 1, 1, 8, 1, 0, 0, 'false', 12, 'resume', 1),
(2081, 604, 592, 1, 1, 1, 4, 4, 0, 2, 'false', 12, 'resume', 2),
(2082, 601, 591, 0, 0, 1, 4, 4, 2, 0, 'false', 12, 'resume', 3),
(2083, 609, 594, 0, 2, 1, 0, 9, 0, 2, 'false', 12, 'resume', 4),
(2084, 612, 593, 2, 0, 1, 9, 0, 4, 0, 'false', 12, 'resume', 5),
(2085, 610, 595, 1, 3, 1, 0, 9, 2, 2, 'false', 12, 'resume', 6),
(2086, 598, 617, 0, 1, 1, 1, 8, 1, 2, 'false', 12, 'resume', 7),
(2087, 620, 597, 0, 0, 1, 4, 4, 0, 1, 'false', 12, 'resume', 8),
(2088, 613, 602, 0, 2, 1, 0, 9, 2, 2, 'false', 12, 'resume', 9),
(2089, 587, 603, 2, 1, 1, 8, 1, 1, 2, 'false', 12, 'resume', 10),
(2090, 589, 614, 1, 1, 1, 4, 4, 3, 2, 'false', 12, 'resume', 11),
(2091, 588, 606, 3, 0, 1, 9, 0, 3, 5, 'false', 12, 'resume', 12),
(2092, 616, 605, 1, 1, 1, 4, 4, 2, 4, 'false', 12, 'resume', 13),
(2093, 600, 615, 1, 4, 1, 0, 9, 4, 3, 'false', 12, 'resume', 14),
(2094, 618, 611, 1, 0, 1, 8, 1, 1, 6, 'false', 12, 'resume', 15),
(2095, 622, 607, 1, 0, 1, 8, 1, 2, 0, 'false', 12, 'resume', 16),
(2096, 619, 608, 2, 0, 1, 9, 0, 1, 2, 'false', 12, 'resume', 17),
(2097, 621, 596, 1, 1, 1, 4, 4, 1, 7, 'false', 12, 'resume', 18),
(2098, 588, 602, 1, 2, 2, 1, 8, 0, 3, 'false', 12, 'resume', 1),
(2099, 587, 617, 3, 0, 2, 9, 0, 0, 1, 'false', 12, 'resume', 2),
(2100, 589, 597, 3, 0, 2, 9, 0, 1, 1, 'false', 12, 'resume', 3),
(2101, 619, 594, 3, 2, 2, 8, 1, 3, 2, 'false', 12, 'resume', 4),
(2102, 622, 595, 1, 3, 2, 0, 9, 2, 3, 'false', 12, 'resume', 5),
(2103, 621, 593, 3, 0, 2, 9, 0, 0, 0, 'false', 12, 'resume', 6),
(2104, 599, 615, 2, 1, 2, 8, 1, 4, 2, 'false', 12, 'resume', 7),
(2105, 601, 605, 1, 1, 2, 4, 4, 2, 3, 'false', 12, 'resume', 8),
(2106, 604, 611, 1, 2, 2, 1, 8, 1, 1, 'false', 12, 'resume', 9),
(2107, 618, 592, 2, 1, 2, 8, 1, 4, 1, 'false', 12, 'resume', 10),
(2108, 616, 591, 0, 2, 2, 0, 9, 3, 6, 'false', 12, 'resume', 11),
(2109, 600, 590, 1, 0, 2, 8, 1, 2, 1, 'false', 12, 'resume', 12),
(2110, 612, 596, 2, 0, 2, 9, 0, 2, 1, 'false', 12, 'resume', 13),
(2111, 610, 607, 0, 1, 2, 1, 8, 5, 3, 'false', 12, 'resume', 14),
(2112, 609, 608, 1, 0, 2, 8, 1, 0, 2, 'false', 12, 'resume', 15),
(2113, 620, 614, 0, 3, 2, 0, 9, 4, 5, 'false', 12, 'resume', 16),
(2114, 598, 603, 1, 0, 2, 8, 1, 4, 1, 'false', 12, 'resume', 17),
(2115, 613, 606, 2, 1, 2, 8, 1, 2, 4, 'false', 12, 'resume', 18),
(2116, 589, 621, 2, 1, 3, 8, 1, 1, 1, 'false', 12, 'resume', 1),
(2117, 587, 619, 2, 0, 3, 9, 0, 1, 2, 'false', 12, 'resume', 2),
(2118, 588, 622, 0, 2, 3, 0, 9, 0, 5, 'false', 12, 'resume', 3),
(2125, 618, 612, 0, 1, 3, 1, 8, 3, 2, 'false', 12, 'resume', 10),
(2126, 600, 609, 2, 2, 3, 4, 4, 2, 1, 'false', 12, 'resume', 11),
(2127, 616, 610, 2, 0, 3, 9, 0, 0, 1, 'false', 12, 'resume', 12),
(2128, 613, 591, 1, 1, 3, 4, 4, 1, 1, 'false', 12, 'resume', 13),
(2129, 598, 592, 2, 0, 3, 9, 0, 0, 1, 'false', 12, 'resume', 14),
(2130, 620, 590, 0, 1, 3, 1, 8, 4, 0, 'false', 12, 'resume', 15),
(2131, 614, 607, 1, 2, 3, 1, 8, 0, 0, 'false', 12, 'resume', 16),
(2132, 603, 608, 0, 2, 3, 0, 9, 0, 1, 'false', 12, 'resume', 17),
(2133, 606, 596, 1, 2, 3, 1, 8, 7, 3, 'false', 12, 'resume', 18),
(2134, 599, 602, 1, 0, 3, 8, 1, 1, 2, 'false', 12, 'resume', 4),
(2135, 601, 617, 0, 0, 3, 4, 4, 0, 1, 'false', 12, 'resume', 5),
(2136, 604, 597, 1, 1, 3, 4, 4, 4, 5, 'false', 12, 'resume', 6),
(2137, 595, 615, 2, 1, 3, 8, 1, 3, 2, 'false', 12, 'resume', 7),
(2138, 611, 594, 1, 0, 3, 8, 1, 7, 1, 'false', 12, 'resume', 8),
(2139, 593, 605, 1, 1, 3, 4, 4, 3, 2, 'false', 12, 'resume', 9),
(2140, 587, 599, 1, 1, 4, 4, 4, 1, 0, 'false', 12, 'resume', 1),
(2141, 589, 601, 2, 0, 4, 9, 0, 3, 4, 'false', 12, 'resume', 2),
(2142, 588, 604, 0, 2, 4, 0, 9, 0, 4, 'false', 12, 'resume', 3),
(2143, 622, 618, 0, 1, 4, 1, 8, 2, 2, 'false', 12, 'resume', 4),
(2144, 619, 616, 1, 2, 4, 1, 8, 1, 1, 'false', 12, 'resume', 5),
(2145, 621, 600, 3, 2, 4, 8, 1, 1, 5, 'false', 12, 'resume', 6),
(2146, 611, 598, 2, 0, 4, 9, 0, 4, 0, 'false', 12, 'resume', 7),
(2147, 605, 613, 0, 1, 4, 1, 8, 1, 1, 'false', 12, 'resume', 8),
(2148, 615, 620, 4, 2, 4, 9, 0, 1, 4, 'false', 12, 'resume', 9),
(2155, 591, 614, 2, 0, 4, 9, 0, 1, 1, 'false', 12, 'resume', 16),
(2156, 590, 603, 4, 0, 4, 9, 0, 1, 7, 'false', 12, 'resume', 17),
(2157, 592, 606, 2, 1, 4, 8, 1, 1, 2, 'false', 12, 'resume', 18),
(2158, 595, 607, 2, 1, 4, 8, 1, 0, 2, 'false', 12, 'resume', 10),
(2159, 594, 596, 2, 0, 4, 9, 0, 1, 1, 'false', 12, 'resume', 11),
(2160, 593, 608, 2, 0, 4, 9, 0, 6, 2, 'false', 12, 'resume', 12),
(2161, 612, 602, 0, 1, 4, 1, 8, 2, 1, 'false', 12, 'resume', 13),
(2162, 609, 617, 1, 0, 4, 8, 1, 2, 3, 'false', 12, 'resume', 14),
(2163, 610, 597, 0, 2, 4, 0, 9, 5, 3, 'false', 12, 'resume', 15),
(2164, 589, 611, 2, 0, 5, 9, 0, 1, 3, 'false', 12, 'resume', 1),
(2165, 587, 615, 2, 1, 5, 8, 1, 3, 1, 'false', 12, 'resume', 2),
(2166, 588, 605, 0, 2, 5, 0, 9, 2, 5, 'false', 12, 'resume', 3),
(2167, 618, 599, 2, 2, 5, 4, 4, 5, 1, 'false', 12, 'resume', 4),
(2168, 616, 604, 1, 1, 5, 4, 4, 0, 3, 'false', 12, 'resume', 5),
(2169, 600, 601, 2, 1, 5, 8, 1, 0, 3, 'false', 12, 'resume', 6),
(2183, 594, 597, 1, 1, 5, 4, 4, 0, 2, 'false', 12, 'resume', 8),
(2185, 621, 613, 1, 1, 5, 4, 4, 0, 3, 'false', 12, 'resume', 10),
(2186, 622, 598, 4, 0, 5, 9, 0, 2, 0, 'false', 12, 'resume', 11),
(2187, 619, 620, 1, 3, 5, 0, 9, 0, 3, 'false', 12, 'resume', 12),
(2188, 591, 607, 0, 2, 5, 0, 9, 0, 1, 'false', 12, 'resume', 13),
(2189, 590, 596, 2, 2, 5, 4, 4, 0, 2, 'false', 12, 'resume', 14),
(2190, 592, 608, 0, 3, 5, 0, 9, 0, 2, 'false', 12, 'resume', 15),
(2191, 612, 614, 3, 0, 5, 9, 0, 3, 0, 'false', 12, 'resume', 16),
(2192, 609, 606, 3, 0, 5, 9, 0, 4, 3, 'false', 12, 'resume', 17),
(2193, 610, 603, 1, 2, 5, 1, 8, 5, 2, 'false', 12, 'resume', 18),
(2194, 595, 602, 4, 0, 5, 9, 0, 0, 4, 'false', 12, 'resume', 7),
(2195, 593, 617, 1, 0, 5, 8, 1, 2, 2, 'false', 12, 'resume', 9);

-- --------------------------------------------------------

--
-- Structure de la table `tournament_precoach`
--

CREATE TABLE IF NOT EXISTS `tournament_precoach` (
  `id` int(10) unsigned NOT NULL AUTO_INCREMENT,
  `name` varchar(65) COLLATE utf8_unicode_ci NOT NULL,
  `id_race` int(11) NOT NULL,
  `email` varchar(129) COLLATE utf8_unicode_ci NOT NULL,
  `edition` int(11) NOT NULL,
  `naf_number` int(11) NOT NULL,
  `lang` varchar(3) COLLATE utf8_unicode_ci NOT NULL,
  `team_name` varchar(129) COLLATE utf8_unicode_ci NOT NULL,
  `id_coach_team` int(11) NOT NULL,
  `contact` int(11) NOT NULL DEFAULT '0',
  PRIMARY KEY (`id`)
) ENGINE=MyISAM  DEFAULT CHARSET=utf8 COLLATE=utf8_unicode_ci AUTO_INCREMENT=28 ;

-- --------------------------------------------------------

--
-- Structure de la table `tournament_race`
--

CREATE TABLE IF NOT EXISTS `tournament_race` (
  `edition` tinyint(4) NOT NULL DEFAULT '1',
  `id_race` tinyint(3) unsigned NOT NULL AUTO_INCREMENT,
  `nom_fr` varchar(33) CHARACTER SET latin1 DEFAULT '',
  `nom_en` varchar(33) CHARACTER SET latin1 DEFAULT '',
  `nom_en_2` varchar(33) CHARACTER SET latin1 DEFAULT '',
  `nom_fr_2` varchar(33) CHARACTER SET latin1 DEFAULT '',
  `reroll` tinyint(3) unsigned DEFAULT '5',
  PRIMARY KEY (`id_race`)
) ENGINE=MyISAM  DEFAULT CHARSET=utf8 COLLATE=utf8_unicode_ci AUTO_INCREMENT=25 ;

--
-- Contenu de la table `tournament_race`
--

INSERT INTO `tournament_race` (`edition`, `id_race`, `nom_fr`, `nom_en`, `nom_en_2`, `nom_fr_2`, `reroll`) VALUES
(1, 1, 'Orc', 'Orc', 'Orc', 'd''orcs', 6),
(1, 2, 'Skaven', 'Skaven', 'Skaven', 'de skavens', 6),
(1, 3, 'Elfe noir', 'Dark elf', 'Dark Elves', 'd''elfes noirs', 5),
(1, 4, 'Humain', 'Human', 'Humans', 'd''hommes', 5),
(1, 5, 'Nain', 'Dwarf', 'Dwarves', 'de nains', 4),
(1, 6, 'Haut elfe', 'High elf', 'High Elves', 'd''hauts elfes', 5),
(1, 7, 'Gobelin', 'Goblin', 'Goblins', 'de gobelins', 6),
(1, 8, 'Halfling', 'Halfling', 'Halflings', 'de halflings', 6),
(1, 9, 'Elfe sylvain', 'Wood elf', 'Wood elves', 'd''elfes sylvains', 5),
(1, 10, 'Chaos', 'Chaos', 'Chaos', 'du Chaos', 7),
(1, 11, 'Nain du Chaos', 'Chaos dwarf', 'Chaos dwarves', 'de nains du Chaos', 7),
(1, 12, 'Mort-vivant', 'Undead', 'Undead', 'de mort-vivants', 7),
(1, 13, 'Nordique', 'Norse', 'Norse', 'de nordiques', 6),
(1, 14, 'Amazone', 'Amazon', 'Amazons', 'd''amazones', 4),
(1, 15, 'Homme-lézard', 'Lizardmen', 'Lizardmen', 'd''hommes lézards', 6),
(2, 16, 'Khemri', 'Khemri', 'Khemri', 'de Khemri', 7),
(2, 17, 'Nécromantique', 'Necromantic', 'Necromantic', 'nécromantique', 7),
(2, 18, 'Elfe pro', 'Elf', 'Elves', 'd''elfes pro', 5),
(2, 19, 'Nurgle', 'Nurgle', 'Nurgle''s Rotters', 'des pourris de Nurgle', 7),
(3, 20, 'Ogre', 'Ogre', 'Ogres', 'd''ogres', 7),
(3, 21, 'Vampire', 'Vampire', 'Vampires', 'de vampires', 7),
(7, 22, 'Bas fonds', 'Underworld', 'Underworld', 'des bas fonds', 7),
(7, 23, 'Pacte chaotique', 'Chaos Pact', 'Chaos Pact', 'chaotique', 7),
(7, 24, 'Slann', 'Slann', 'Slann', 'de slanns', 5);

/*!40101 SET CHARACTER_SET_CLIENT=@OLD_CHARACTER_SET_CLIENT */;
/*!40101 SET CHARACTER_SET_RESULTS=@OLD_CHARACTER_SET_RESULTS */;
/*!40101 SET COLLATION_CONNECTION=@OLD_COLLATION_CONNECTION */;
